<?xml version="1.0" encoding="UTF-8"?>
<calls>
  <call>
    <id>1</id>
    <contact_name>John Doe</contact_name>
    <caller>+1-555-0001</caller>
    <recipient>Subject</recipient>
    <timestamp>2024-02-14T17:56:16</timestamp>
    <duration>168</duration>
    <type>incoming</type>
  </call>
  <call>
    <id>2</id>
    <contact_name>Lisa Park</contact_name>
    <caller>Subject</caller>
    <recipient>+1-555-0004</recipient>
    <timestamp>2024-02-13T21:54:17</timestamp>
    <duration>76</duration>
    <type>outgoing</type>
  </call>
  <call>
    <id>3</id>
    <contact_name>John Doe</contact_name>
    <caller>Subject</caller>
    <recipient>+1-555-0001</recipient>
    <timestamp>2024-01-24T18:27:49</timestamp>
    <duration>86</duration>
    <type>outgoing</type>
  </call>
  <call>
    <id>4</id>
    <contact_name>John Doe</contact_name>
    <caller>+1-555-0001</caller>
    <recipient>Subject</recipient>
    <timestamp>2024-01-19T09:06:22</timestamp>
    <duration>378</duration>
    <type>incoming</type>
  </call>
  <call>
    <id>5</id>
    <contact_name>John Doe</contact_name>
    <caller>Subject</caller>
    <recipient>+1-555-0001</recipient>
    <timestamp>2024-01-12T09:09:47</timestamp>
    <duration>186</duration>
    <type>outgoing</type>
  </call>
  <call>
    <id>6</id>
    <contact_name>Lisa Park</contact_name>
    <caller>+1-555-0004</caller>
    <recipient>Subject</recipient>
    <timestamp>2024-01-10T19:44:25</timestamp>
    <duration>260</duration>
    <type>incoming</type>
  </call>
  <call>
    <id>7</id>
    <contact_name>John Doe</contact_name>
    <caller>Subject</caller>
    <recipient>+1-555-0001</recipient>
    <timestamp>2024-02-07T18:05:26</timestamp>
    <duration>178</duration>
    <type>outgoing</type>
  </call>
  <call>
    <id>8</id>
    <contact_name>John Doe</contact_name>
    <caller>Subject</caller>
    <recipient>+1-555-0001</recipient>
    <timestamp>2024-02-13T09:23:08</timestamp>
    <duration>530</duration>
    <type>outgoing</type>
  </call>
  <call>
    <id>9</id>
    <contact_name>John Doe</contact_name>
    <caller>+1-555-0001</caller>
    <recipient>Subject</recipient>
    <timestamp>2024-02-12T19:27:28</timestamp>
    <duration>317</duration>
    <type>incoming</type>
  </call>
  <call>
    <id>10</id>
    <contact_name>Unknown</contact_name>
    <caller>+1-555-9999</caller>
    <recipient>Subject</recipient>
    <timestamp>2024-01-09T09:35:33</timestamp>
    <duration>151</duration>
    <type>incoming</type>
  </call>
  <call>
    <id>11</id>
    <contact_name>Lisa Park</contact_name>
    <caller>+1-555-0004</caller>
    <recipient>Subject</recipient>
    <timestamp>2024-01-21T09:42:22</timestamp>
    <duration>576</duration>
    <type>incoming</type>
  </call>
  <call>
    <id>12</id>
    <contact_name>Sarah Mitchell</contact_name>
    <caller>Subject</caller>
    <recipient>+1-555-0002</recipient>
    <timestamp>2024-02-17T13:35:29</timestamp>
    <duration>511</duration>
    <type>outgoing</type>
  </call>
  <call>
    <id>13</id>
    <contact_name>Sarah Mitchell</contact_name>
    <caller>Subject</caller>
    <recipient>+1-555-0002</recipient>
    <timestamp>2024-01-12T21:26:54</timestamp>
    <duration>41</duration>
    <type>outgoing</type>
  </call>
  <call>
    <id>14</id>
    <contact_name>Unknown</contact_name>
    <caller>Subject</caller>
    <recipient>+1-555-9999</recipient>
    <timestamp>2024-02-04T21:19:34</timestamp>
    <duration>526</duration>
    <type>outgoing</type>
  </call>
  <call>
    <id>15</id>
    <contact_name>John Doe</contact_name>
    <caller>+1-555-0001</caller>
    <recipient>Subject</recipient>
    <timestamp>2024-02-12T10:31:53</timestamp>
    <duration>533</duration>
    <type>incoming</type>
  </call>
  <call>
    <id>16</id>
    <contact_name>Sarah Mitchell</contact_name>
    <caller>+1-555-0002</caller>
    <recipient>Subject</recipient>
    <timestamp>2024-01-22T08:57:35</timestamp>
    <duration>198</duration>
    <type>incoming</type>
  </call>
  <call>
    <id>17</id>
    <contact_name>Sarah Mitchell</contact_name>
    <caller>Subject</caller>
    <recipient>+1-555-0002</recipient>
    <timestamp>2024-01-07T15:32:02</timestamp>
    <duration>528</duration>
    <type>outgoing</type>
  </call>
  <call>
    <id>18</id>
    <contact_name>Sarah Mitchell</contact_name>
    <caller>Subject</caller>
    <recipient>+1-555-0002</recipient>
    <timestamp>2024-01-24T17:51:12</timestamp>
    <duration>111</duration>
    <type>outgoing</type>
  </call>
  <call>
    <id>19</id>
    <contact_name>John Doe</contact_name>
    <caller>Subject</caller>
    <recipient>+1-555-0001</recipient>
    <timestamp>2024-02-07T13:30:17</timestamp>
    <duration>505</duration>
    <type>outgoing</type>
  </call>
  <call>
    <id>20</id>
    <contact_name>Mike Torres</contact_name>
    <caller>Subject</caller>
    <recipient>+1-555-0003</recipient>
    <timestamp>2024-01-05T20:55:52</timestamp>
    <duration>564</duration>
    <type>outgoing</type>
  </call>
</calls>