<?xml version="1.0" encoding="UTF-8"?>
<messages>
  <message>
    <id>1</id>
    <contact_name>John Doe</contact_name>
    <sender>+1-555-0001</sender>
    <recipient>Subject</recipient>
    <timestamp>2024-01-06T09:29:42</timestamp>
    <body>On my way</body>
    <type>SMS</type>
    <direction>incoming</direction>
  </message>
  <message>
    <id>2</id>
    <contact_name>Unknown</contact_name>
    <sender>+1-555-9999</sender>
    <recipient>Subject</recipient>
    <timestamp>2024-01-06T04:08:37</timestamp>
    <body>Got it</body>
    <type>SMS</type>
    <direction>incoming</direction>
  </message>
  <message>
    <id>3</id>
    <contact_name>Lisa Park</contact_name>
    <sender>Subject</sender>
    <recipient>+1-555-0004</recipient>
    <timestamp>2024-01-06T21:29:48</timestamp>
    <body>Got it</body>
    <type>SMS</type>
    <direction>outgoing</direction>
  </message>
  <message>
    <id>4</id>
    <contact_name>Sarah Mitchell</contact_name>
    <sender>Subject</sender>
    <recipient>+1-555-0002</recipient>
    <timestamp>2024-01-07T10:29:33</timestamp>
    <body>Yes confirmed</body>
    <type>SMS</type>
    <direction>outgoing</direction>
  </message>
  <message>
    <id>5</id>
    <contact_name>John Doe</contact_name>
    <sender>Subject</sender>
    <recipient>+1-555-0001</recipient>
    <timestamp>2024-01-07T16:21:05</timestamp>
    <body>Ok</body>
    <type>SMS</type>
    <direction>outgoing</direction>
  </message>
  <message>
    <id>6</id>
    <contact_name>Unknown</contact_name>
    <sender>Subject</sender>
    <recipient>+1-555-9999</recipient>
    <timestamp>2024-01-07T04:48:00</timestamp>
    <body>Ok</body>
    <type>SMS</type>
    <direction>outgoing</direction>
  </message>
  <message>
    <id>7</id>
    <contact_name>Lisa Park</contact_name>
    <sender>Subject</sender>
    <recipient>+1-555-0004</recipient>
    <timestamp>2024-01-08T10:41:25</timestamp>
    <body>Yes confirmed</body>
    <type>SMS</type>
    <direction>outgoing</direction>
  </message>
  <message>
    <id>8</id>
    <contact_name>Sarah Mitchell</contact_name>
    <sender>+1-555-0002</sender>
    <recipient>Subject</recipient>
    <timestamp>2024-01-08T11:54:36</timestamp>
    <body>Ok</body>
    <type>SMS</type>
    <direction>incoming</direction>
  </message>
  <message>
    <id>9</id>
    <contact_name>John Doe</contact_name>
    <sender>Subject</sender>
    <recipient>+1-555-0001</recipient>
    <timestamp>2024-01-08T13:03:18</timestamp>
    <body>Where are you?</body>
    <type>SMS</type>
    <direction>outgoing</direction>
  </message>
  <message>
    <id>10</id>
    <contact_name>Mike Torres</contact_name>
    <sender>+1-555-0003</sender>
    <recipient>Subject</recipient>
    <timestamp>2024-01-08T11:56:57</timestamp>
    <body>Not now</body>
    <type>SMS</type>
    <direction>incoming</direction>
  </message>
  <message>
    <id>11</id>
    <contact_name>John Doe</contact_name>
    <sender>Subject</sender>
    <recipient>+1-555-0001</recipient>
    <timestamp>2024-01-09T17:36:21</timestamp>
    <body>Tomorrow same time</body>
    <type>SMS</type>
    <direction>outgoing</direction>
  </message>
  <message>
    <id>12</id>
    <contact_name>Lisa Park</contact_name>
    <sender>Subject</sender>
    <recipient>+1-555-0004</recipient>
    <timestamp>2024-01-09T21:22:54</timestamp>
    <body>Not now</body>
    <type>SMS</type>
    <direction>outgoing</direction>
  </message>
  <message>
    <id>13</id>
    <contact_name>Lisa Park</contact_name>
    <sender>+1-555-0004</sender>
    <recipient>Subject</recipient>
    <timestamp>2024-01-09T10:10:16</timestamp>
    <body>Where are you?</body>
    <type>SMS</type>
    <direction>incoming</direction>
  </message>
  <message>
    <id>14</id>
    <contact_name>Mike Torres</contact_name>
    <sender>Subject</sender>
    <recipient>+1-555-0003</recipient>
    <timestamp>2024-01-09T20:51:41</timestamp>
    <body>Ok</body>
    <type>SMS</type>
    <direction>outgoing</direction>
  </message>
  <message>
    <id>15</id>
    <contact_name>Lisa Park</contact_name>
    <sender>Subject</sender>
    <recipient>+1-555-0004</recipient>
    <timestamp>2024-01-09T21:46:09</timestamp>
    <body>Delete this after</body>
    <type>SMS</type>
    <direction>outgoing</direction>
  </message>
  <message>
    <id>16</id>
    <contact_name>John Doe</contact_name>
    <sender>+1-555-0001</sender>
    <recipient>Subject</recipient>
    <timestamp>2024-01-09T14:34:49</timestamp>
    <body>Tomorrow same time</body>
    <type>SMS</type>
    <direction>incoming</direction>
  </message>
  <message>
    <id>17</id>
    <contact_name>Lisa Park</contact_name>
    <sender>+1-555-0004</sender>
    <recipient>Subject</recipient>
    <timestamp>2024-01-09T14:10:07</timestamp>
    <body>Don't text me here</body>
    <type>SMS</type>
    <direction>incoming</direction>
  </message>
  <message>
    <id>18</id>
    <contact_name>Sarah Mitchell</contact_name>
    <sender>Subject</sender>
    <recipient>+1-555-0002</recipient>
    <timestamp>2024-01-09T19:23:59</timestamp>
    <body>Not now</body>
    <type>SMS</type>
    <direction>outgoing</direction>
  </message>
  <message>
    <id>19</id>
    <contact_name>Lisa Park</contact_name>
    <sender>+1-555-0004</sender>
    <recipient>Subject</recipient>
    <timestamp>2024-01-10T20:14:14</timestamp>
    <body>Got it</body>
    <type>SMS</type>
    <direction>incoming</direction>
  </message>
  <message>
    <id>20</id>
    <contact_name>John Doe</contact_name>
    <sender>+1-555-0001</sender>
    <recipient>Subject</recipient>
    <timestamp>2024-01-10T19:07:32</timestamp>
    <body>Not now</body>
    <type>SMS</type>
    <direction>incoming</direction>
  </message>
  <message>
    <id>21</id>
    <contact_name>Mike Torres</contact_name>
    <sender>+1-555-0003</sender>
    <recipient>Subject</recipient>
    <timestamp>2024-01-10T13:38:51</timestamp>
    <body>On my way</body>
    <type>SMS</type>
    <direction>incoming</direction>
  </message>
  <message>
    <id>22</id>
    <contact_name>John Doe</contact_name>
    <sender>Subject</sender>
    <recipient>+1-555-0001</recipient>
    <timestamp>2024-01-10T15:56:42</timestamp>
    <body>Delete this after</body>
    <type>SMS</type>
    <direction>outgoing</direction>
  </message>
  <message>
    <id>23</id>
    <contact_name>John Doe</contact_name>
    <sender>+1-555-0001</sender>
    <recipient>Subject</recipient>
    <timestamp>2024-01-10T16:44:37</timestamp>
    <body>Ok</body>
    <type>SMS</type>
    <direction>incoming</direction>
  </message>
  <message>
    <id>24</id>
    <contact_name>Lisa Park</contact_name>
    <sender>+1-555-0004</sender>
    <recipient>Subject</recipient>
    <timestamp>2024-01-11T21:26:25</timestamp>
    <body>Not now</body>
    <type>SMS</type>
    <direction>incoming</direction>
  </message>
  <message>
    <id>25</id>
    <contact_name>John Doe</contact_name>
    <sender>+1-555-0001</sender>
    <recipient>Subject</recipient>
    <timestamp>2024-01-11T14:31:57</timestamp>
    <body>Tomorrow same time</body>
    <type>SMS</type>
    <direction>incoming</direction>
  </message>
  <message>
    <id>26</id>
    <contact_name>Sarah Mitchell</contact_name>
    <sender>+1-555-0002</sender>
    <recipient>Subject</recipient>
    <timestamp>2024-01-11T13:45:27</timestamp>
    <body>Delete this after</body>
    <type>SMS</type>
    <direction>incoming</direction>
  </message>
  <message>
    <id>27</id>
    <contact_name>John Doe</contact_name>
    <sender>+1-555-0001</sender>
    <recipient>Subject</recipient>
    <timestamp>2024-01-11T16:44:43</timestamp>
    <body>Delete this after</body>
    <type>SMS</type>
    <direction>incoming</direction>
  </message>
  <message>
    <id>28</id>
    <contact_name>Lisa Park</contact_name>
    <sender>Subject</sender>
    <recipient>+1-555-0004</recipient>
    <timestamp>2024-01-11T11:19:39</timestamp>
    <body>Delete this after</body>
    <type>SMS</type>
    <direction>outgoing</direction>
  </message>
  <message>
    <id>29</id>
    <contact_name>Unknown</contact_name>
    <sender>Subject</sender>
    <recipient>+1-555-9999</recipient>
    <timestamp>2024-01-11T02:12:58</timestamp>
    <body>Need to talk</body>
    <type>SMS</type>
    <direction>outgoing</direction>
  </message>
  <message>
    <id>30</id>
    <contact_name>Mike Torres</contact_name>
    <sender>Subject</sender>
    <recipient>+1-555-0003</recipient>
    <timestamp>2024-01-11T13:46:11</timestamp>
    <body>Need to talk</body>
    <type>SMS</type>
    <direction>outgoing</direction>
  </message>
  <message>
    <id>31</id>
    <contact_name>Mike Torres</contact_name>
    <sender>Subject</sender>
    <recipient>+1-555-0003</recipient>
    <timestamp>2024-01-12T12:55:23</timestamp>
    <body>Need to talk</body>
    <type>SMS</type>
    <direction>outgoing</direction>
  </message>
  <message>
    <id>32</id>
    <contact_name>Sarah Mitchell</contact_name>
    <sender>+1-555-0002</sender>
    <recipient>Subject</recipient>
    <timestamp>2024-01-12T09:14:31</timestamp>
    <body>Don't text me here</body>
    <type>SMS</type>
    <direction>incoming</direction>
  </message>
  <message>
    <id>33</id>
    <contact_name>Unknown</contact_name>
    <sender>Subject</sender>
    <recipient>+1-555-9999</recipient>
    <timestamp>2024-01-12T01:00:46</timestamp>
    <body>On my way</body>
    <type>SMS</type>
    <direction>outgoing</direction>
  </message>
  <message>
    <id>34</id>
    <contact_name>John Doe</contact_name>
    <sender>Subject</sender>
    <recipient>+1-555-0001</recipient>
    <timestamp>2024-01-12T10:49:13</timestamp>
    <body>Not now</body>
    <type>SMS</type>
    <direction>outgoing</direction>
  </message>
  <message>
    <id>35</id>
    <contact_name>Sarah Mitchell</contact_name>
    <sender>Subject</sender>
    <recipient>+1-555-0002</recipient>
    <timestamp>2024-01-12T11:41:46</timestamp>
    <body>Delete this after</body>
    <type>SMS</type>
    <direction>outgoing</direction>
  </message>
  <message>
    <id>36</id>
    <contact_name>John Doe</contact_name>
    <sender>Subject</sender>
    <recipient>+1-555-0001</recipient>
    <timestamp>2024-01-13T19:31:19</timestamp>
    <body>Not now</body>
    <type>SMS</type>
    <direction>outgoing</direction>
  </message>
  <message>
    <id>37</id>
    <contact_name>Unknown</contact_name>
    <sender>Subject</sender>
    <recipient>+1-555-9999</recipient>
    <timestamp>2024-01-13T20:01:45</timestamp>
    <body>Call me</body>
    <type>SMS</type>
    <direction>outgoing</direction>
  </message>
  <message>
    <id>38</id>
    <contact_name>John Doe</contact_name>
    <sender>+1-555-0001</sender>
    <recipient>Subject</recipient>
    <timestamp>2024-01-13T14:28:44</timestamp>
    <body>Sure</body>
    <type>SMS</type>
    <direction>incoming</direction>
  </message>
  <message>
    <id>39</id>
    <contact_name>John Doe</contact_name>
    <sender>+1-555-0001</sender>
    <recipient>Subject</recipient>
    <timestamp>2024-01-13T19:18:23</timestamp>
    <body>Got it</body>
    <type>SMS</type>
    <direction>incoming</direction>
  </message>
  <message>
    <id>40</id>
    <contact_name>John Doe</contact_name>
    <sender>+1-555-0001</sender>
    <recipient>Subject</recipient>
    <timestamp>2024-01-13T13:51:07</timestamp>
    <body>Got it</body>
    <type>SMS</type>
    <direction>incoming</direction>
  </message>
  <message>
    <id>41</id>
    <contact_name>Unknown</contact_name>
    <sender>+1-555-9999</sender>
    <recipient>Subject</recipient>
    <timestamp>2024-01-13T00:30:07</timestamp>
    <body>Delete this after</body>
    <type>SMS</type>
    <direction>incoming</direction>
  </message>
  <message>
    <id>42</id>
    <contact_name>Mike Torres</contact_name>
    <sender>Subject</sender>
    <recipient>+1-555-0003</recipient>
    <timestamp>2024-01-13T11:16:46</timestamp>
    <body>Sure</body>
    <type>SMS</type>
    <direction>outgoing</direction>
  </message>
  <message>
    <id>43</id>
    <contact_name>Mike Torres</contact_name>
    <sender>+1-555-0003</sender>
    <recipient>Subject</recipient>
    <timestamp>2024-01-13T09:19:36</timestamp>
    <body>Sure</body>
    <type>SMS</type>
    <direction>incoming</direction>
  </message>
  <message>
    <id>44</id>
    <contact_name>Mike Torres</contact_name>
    <sender>Subject</sender>
    <recipient>+1-555-0003</recipient>
    <timestamp>2024-01-14T21:21:20</timestamp>
    <body>Need to talk</body>
    <type>SMS</type>
    <direction>outgoing</direction>
  </message>
  <message>
    <id>45</id>
    <contact_name>John Doe</contact_name>
    <sender>+1-555-0001</sender>
    <recipient>Subject</recipient>
    <timestamp>2024-01-14T21:58:48</timestamp>
    <body>Ok</body>
    <type>SMS</type>
    <direction>incoming</direction>
  </message>
  <message>
    <id>46</id>
    <contact_name>Lisa Park</contact_name>
    <sender>Subject</sender>
    <recipient>+1-555-0004</recipient>
    <timestamp>2024-01-14T14:33:21</timestamp>
    <body>Sure</body>
    <type>SMS</type>
    <direction>outgoing</direction>
  </message>
  <message>
    <id>47</id>
    <contact_name>Unknown</contact_name>
    <sender>+1-555-9999</sender>
    <recipient>Subject</recipient>
    <timestamp>2024-01-14T00:16:47</timestamp>
    <body>Delete this after</body>
    <type>SMS</type>
    <direction>incoming</direction>
  </message>
  <message>
    <id>48</id>
    <contact_name>Unknown</contact_name>
    <sender>+1-555-9999</sender>
    <recipient>Subject</recipient>
    <timestamp>2024-01-14T03:46:09</timestamp>
    <body>On my way</body>
    <type>SMS</type>
    <direction>incoming</direction>
  </message>
  <message>
    <id>49</id>
    <contact_name>Mike Torres</contact_name>
    <sender>Subject</sender>
    <recipient>+1-555-0003</recipient>
    <timestamp>2024-01-14T16:13:16</timestamp>
    <body>Yes confirmed</body>
    <type>SMS</type>
    <direction>outgoing</direction>
  </message>
  <message>
    <id>50</id>
    <contact_name>Unknown</contact_name>
    <sender>+1-555-9999</sender>
    <recipient>Subject</recipient>
    <timestamp>2024-01-14T04:51:05</timestamp>
    <body>Sure</body>
    <type>SMS</type>
    <direction>incoming</direction>
  </message>
  <message>
    <id>51</id>
    <contact_name>Sarah Mitchell</contact_name>
    <sender>Subject</sender>
    <recipient>+1-555-0002</recipient>
    <timestamp>2024-01-14T20:39:47</timestamp>
    <body>Need to talk</body>
    <type>SMS</type>
    <direction>outgoing</direction>
  </message>
  <message>
    <id>52</id>
    <contact_name>Mike Torres</contact_name>
    <sender>+1-555-0003</sender>
    <recipient>Subject</recipient>
    <timestamp>2024-01-14T09:35:35</timestamp>
    <body>Got it</body>
    <type>SMS</type>
    <direction>incoming</direction>
  </message>
  <message>
    <id>53</id>
    <contact_name>Mike Torres</contact_name>
    <sender>+1-555-0003</sender>
    <recipient>Subject</recipient>
    <timestamp>2024-01-15T08:33:32</timestamp>
    <body>Need to talk</body>
    <type>SMS</type>
    <direction>incoming</direction>
  </message>
  <message>
    <id>54</id>
    <contact_name>Sarah Mitchell</contact_name>
    <sender>Subject</sender>
    <recipient>+1-555-0002</recipient>
    <timestamp>2024-01-15T18:19:15</timestamp>
    <body>Where are you?</body>
    <type>SMS</type>
    <direction>outgoing</direction>
  </message>
  <message>
    <id>55</id>
    <contact_name>Sarah Mitchell</contact_name>
    <sender>+1-555-0002</sender>
    <recipient>Subject</recipient>
    <timestamp>2024-01-15T11:05:02</timestamp>
    <body>Got it</body>
    <type>SMS</type>
    <direction>incoming</direction>
  </message>
  <message>
    <id>56</id>
    <contact_name>Sarah Mitchell</contact_name>
    <sender>+1-555-0002</sender>
    <recipient>Subject</recipient>
    <timestamp>2024-01-15T14:01:01</timestamp>
    <body>Sure</body>
    <type>SMS</type>
    <direction>incoming</direction>
  </message>
  <message>
    <id>57</id>
    <contact_name>Sarah Mitchell</contact_name>
    <sender>+1-555-0002</sender>
    <recipient>Subject</recipient>
    <timestamp>2024-01-16T15:54:34</timestamp>
    <body>On my way</body>
    <type>SMS</type>
    <direction>incoming</direction>
  </message>
  <message>
    <id>58</id>
    <contact_name>Sarah Mitchell</contact_name>
    <sender>+1-555-0002</sender>
    <recipient>Subject</recipient>
    <timestamp>2024-01-16T19:42:06</timestamp>
    <body>Call me</body>
    <type>SMS</type>
    <direction>incoming</direction>
  </message>
  <message>
    <id>59</id>
    <contact_name>Lisa Park</contact_name>
    <sender>+1-555-0004</sender>
    <recipient>Subject</recipient>
    <timestamp>2024-01-16T11:48:48</timestamp>
    <body>Tomorrow same time</body>
    <type>SMS</type>
    <direction>incoming</direction>
  </message>
  <message>
    <id>60</id>
    <contact_name>John Doe</contact_name>
    <sender>+1-555-0001</sender>
    <recipient>Subject</recipient>
    <timestamp>2024-01-17T18:20:31</timestamp>
    <body>On my way</body>
    <type>SMS</type>
    <direction>incoming</direction>
  </message>
  <message>
    <id>61</id>
    <contact_name>John Doe</contact_name>
    <sender>+1-555-0001</sender>
    <recipient>Subject</recipient>
    <timestamp>2024-01-17T16:05:01</timestamp>
    <body>Got it</body>
    <type>SMS</type>
    <direction>incoming</direction>
  </message>
  <message>
    <id>62</id>
    <contact_name>Unknown</contact_name>
    <sender>Subject</sender>
    <recipient>+1-555-9999</recipient>
    <timestamp>2024-01-17T15:58:00</timestamp>
    <body>Delete this after</body>
    <type>SMS</type>
    <direction>outgoing</direction>
  </message>
  <message>
    <id>63</id>
    <contact_name>Lisa Park</contact_name>
    <sender>+1-555-0004</sender>
    <recipient>Subject</recipient>
    <timestamp>2024-01-17T14:08:37</timestamp>
    <body>On my way</body>
    <type>SMS</type>
    <direction>incoming</direction>
  </message>
  <message>
    <id>64</id>
    <contact_name>Sarah Mitchell</contact_name>
    <sender>Subject</sender>
    <recipient>+1-555-0002</recipient>
    <timestamp>2024-01-17T20:11:31</timestamp>
    <body>Not now</body>
    <type>SMS</type>
    <direction>outgoing</direction>
  </message>
  <message>
    <id>65</id>
    <contact_name>Mike Torres</contact_name>
    <sender>+1-555-0003</sender>
    <recipient>Subject</recipient>
    <timestamp>2024-01-17T14:46:23</timestamp>
    <body>Sure</body>
    <type>SMS</type>
    <direction>incoming</direction>
  </message>
  <message>
    <id>66</id>
    <contact_name>Mike Torres</contact_name>
    <sender>Subject</sender>
    <recipient>+1-555-0003</recipient>
    <timestamp>2024-01-18T09:21:48</timestamp>
    <body>Need to talk</body>
    <type>SMS</type>
    <direction>outgoing</direction>
  </message>
  <message>
    <id>67</id>
    <contact_name>Lisa Park</contact_name>
    <sender>+1-555-0004</sender>
    <recipient>Subject</recipient>
    <timestamp>2024-01-18T18:35:56</timestamp>
    <body>Sure</body>
    <type>SMS</type>
    <direction>incoming</direction>
  </message>
  <message>
    <id>68</id>
    <contact_name>Unknown</contact_name>
    <sender>+1-555-9999</sender>
    <recipient>Subject</recipient>
    <timestamp>2024-01-18T17:13:42</timestamp>
    <body>Got it</body>
    <type>SMS</type>
    <direction>incoming</direction>
  </message>
  <message>
    <id>69</id>
    <contact_name>John Doe</contact_name>
    <sender>Subject</sender>
    <recipient>+1-555-0001</recipient>
    <timestamp>2024-01-18T12:06:49</timestamp>
    <body>Where are you?</body>
    <type>SMS</type>
    <direction>outgoing</direction>
  </message>
  <message>
    <id>70</id>
    <contact_name>John Doe</contact_name>
    <sender>Subject</sender>
    <recipient>+1-555-0001</recipient>
    <timestamp>2024-01-18T17:28:25</timestamp>
    <body>On my way</body>
    <type>SMS</type>
    <direction>outgoing</direction>
  </message>
  <message>
    <id>71</id>
    <contact_name>John Doe</contact_name>
    <sender>Subject</sender>
    <recipient>+1-555-0001</recipient>
    <timestamp>2024-01-18T15:47:34</timestamp>
    <body>Tomorrow same time</body>
    <type>SMS</type>
    <direction>outgoing</direction>
  </message>
  <message>
    <id>72</id>
    <contact_name>Lisa Park</contact_name>
    <sender>Subject</sender>
    <recipient>+1-555-0004</recipient>
    <timestamp>2024-01-18T09:32:43</timestamp>
    <body>Yes confirmed</body>
    <type>SMS</type>
    <direction>outgoing</direction>
  </message>
  <message>
    <id>73</id>
    <contact_name>John Doe</contact_name>
    <sender>Subject</sender>
    <recipient>+1-555-0001</recipient>
    <timestamp>2024-01-19T16:36:13</timestamp>
    <body>Where are you?</body>
    <type>SMS</type>
    <direction>outgoing</direction>
  </message>
  <message>
    <id>74</id>
    <contact_name>John Doe</contact_name>
    <sender>+1-555-0001</sender>
    <recipient>Subject</recipient>
    <timestamp>2024-01-19T21:35:59</timestamp>
    <body>Need to talk</body>
    <type>SMS</type>
    <direction>incoming</direction>
  </message>
  <message>
    <id>75</id>
    <contact_name>Sarah Mitchell</contact_name>
    <sender>Subject</sender>
    <recipient>+1-555-0002</recipient>
    <timestamp>2024-01-19T08:26:00</timestamp>
    <body>Need to talk</body>
    <type>SMS</type>
    <direction>outgoing</direction>
  </message>
  <message>
    <id>76</id>
    <contact_name>John Doe</contact_name>
    <sender>Subject</sender>
    <recipient>+1-555-0001</recipient>
    <timestamp>2024-01-19T19:53:11</timestamp>
    <body>Ok</body>
    <type>SMS</type>
    <direction>outgoing</direction>
  </message>
  <message>
    <id>77</id>
    <contact_name>John Doe</contact_name>
    <sender>Subject</sender>
    <recipient>+1-555-0001</recipient>
    <timestamp>2024-01-20T09:33:53</timestamp>
    <body>Call me</body>
    <type>SMS</type>
    <direction>outgoing</direction>
  </message>
  <message>
    <id>78</id>
    <contact_name>Mike Torres</contact_name>
    <sender>+1-555-0003</sender>
    <recipient>Subject</recipient>
    <timestamp>2024-01-20T08:12:01</timestamp>
    <body>Where are you?</body>
    <type>SMS</type>
    <direction>incoming</direction>
  </message>
  <message>
    <id>79</id>
    <contact_name>Unknown</contact_name>
    <sender>+1-555-9999</sender>
    <recipient>Subject</recipient>
    <timestamp>2024-01-20T19:48:04</timestamp>
    <body>Not now</body>
    <type>SMS</type>
    <direction>incoming</direction>
  </message>
  <message>
    <id>80</id>
    <contact_name>Sarah Mitchell</contact_name>
    <sender>Subject</sender>
    <recipient>+1-555-0002</recipient>
    <timestamp>2024-01-20T18:50:12</timestamp>
    <body>Delete this after</body>
    <type>SMS</type>
    <direction>outgoing</direction>
  </message>
  <message>
    <id>81</id>
    <contact_name>Unknown</contact_name>
    <sender>Subject</sender>
    <recipient>+1-555-9999</recipient>
    <timestamp>2024-01-20T04:43:40</timestamp>
    <body>Don't text me here</body>
    <type>SMS</type>
    <direction>outgoing</direction>
  </message>
  <message>
    <id>82</id>
    <contact_name>John Doe</contact_name>
    <sender>+1-555-0001</sender>
    <recipient>Subject</recipient>
    <timestamp>2024-01-20T16:13:12</timestamp>
    <body>Delete this after</body>
    <type>SMS</type>
    <direction>incoming</direction>
  </message>
  <message>
    <id>83</id>
    <contact_name>John Doe</contact_name>
    <sender>Subject</sender>
    <recipient>+1-555-0001</recipient>
    <timestamp>2024-01-20T19:52:25</timestamp>
    <body>Where are you?</body>
    <type>SMS</type>
    <direction>outgoing</direction>
  </message>
  <message>
    <id>84</id>
    <contact_name>Sarah Mitchell</contact_name>
    <sender>Subject</sender>
    <recipient>+1-555-0002</recipient>
    <timestamp>2024-01-20T16:58:53</timestamp>
    <body>Need to talk</body>
    <type>SMS</type>
    <direction>outgoing</direction>
  </message>
  <message>
    <id>85</id>
    <contact_name>Lisa Park</contact_name>
    <sender>Subject</sender>
    <recipient>+1-555-0004</recipient>
    <timestamp>2024-01-20T16:15:22</timestamp>
    <body>Yes confirmed</body>
    <type>SMS</type>
    <direction>outgoing</direction>
  </message>
  <message>
    <id>86</id>
    <contact_name>John Doe</contact_name>
    <sender>+1-555-0001</sender>
    <recipient>Subject</recipient>
    <timestamp>2024-01-21T11:33:16</timestamp>
    <body>Tomorrow same time</body>
    <type>SMS</type>
    <direction>incoming</direction>
  </message>
  <message>
    <id>87</id>
    <contact_name>Sarah Mitchell</contact_name>
    <sender>Subject</sender>
    <recipient>+1-555-0002</recipient>
    <timestamp>2024-01-21T08:12:07</timestamp>
    <body>Delete this after</body>
    <type>SMS</type>
    <direction>outgoing</direction>
  </message>
  <message>
    <id>88</id>
    <contact_name>Unknown</contact_name>
    <sender>Subject</sender>
    <recipient>+1-555-9999</recipient>
    <timestamp>2024-01-21T20:28:39</timestamp>
    <body>Don't text me here</body>
    <type>SMS</type>
    <direction>outgoing</direction>
  </message>
  <message>
    <id>89</id>
    <contact_name>Sarah Mitchell</contact_name>
    <sender>Subject</sender>
    <recipient>+1-555-0002</recipient>
    <timestamp>2024-01-21T12:43:44</timestamp>
    <body>Ok</body>
    <type>SMS</type>
    <direction>outgoing</direction>
  </message>
  <message>
    <id>90</id>
    <contact_name>Mike Torres</contact_name>
    <sender>+1-555-0003</sender>
    <recipient>Subject</recipient>
    <timestamp>2024-01-21T16:27:24</timestamp>
    <body>Where are you?</body>
    <type>SMS</type>
    <direction>incoming</direction>
  </message>
  <message>
    <id>91</id>
    <contact_name>Mike Torres</contact_name>
    <sender>Subject</sender>
    <recipient>+1-555-0003</recipient>
    <timestamp>2024-01-22T12:49:31</timestamp>
    <body>Not now</body>
    <type>SMS</type>
    <direction>outgoing</direction>
  </message>
  <message>
    <id>92</id>
    <contact_name>Unknown</contact_name>
    <sender>Subject</sender>
    <recipient>+1-555-9999</recipient>
    <timestamp>2024-01-22T02:42:49</timestamp>
    <body>Need to talk</body>
    <type>SMS</type>
    <direction>outgoing</direction>
  </message>
  <message>
    <id>93</id>
    <contact_name>John Doe</contact_name>
    <sender>+1-555-0001</sender>
    <recipient>Subject</recipient>
    <timestamp>2024-01-22T16:16:09</timestamp>
    <body>On my way</body>
    <type>SMS</type>
    <direction>incoming</direction>
  </message>
  <message>
    <id>94</id>
    <contact_name>John Doe</contact_name>
    <sender>+1-555-0001</sender>
    <recipient>Subject</recipient>
    <timestamp>2024-01-22T20:33:13</timestamp>
    <body>Call me</body>
    <type>SMS</type>
    <direction>incoming</direction>
  </message>
  <message>
    <id>95</id>
    <contact_name>Sarah Mitchell</contact_name>
    <sender>+1-555-0002</sender>
    <recipient>Subject</recipient>
    <timestamp>2024-01-22T14:59:41</timestamp>
    <body>On my way</body>
    <type>SMS</type>
    <direction>incoming</direction>
  </message>
  <message>
    <id>96</id>
    <contact_name>Sarah Mitchell</contact_name>
    <sender>Subject</sender>
    <recipient>+1-555-0002</recipient>
    <timestamp>2024-01-22T11:09:21</timestamp>
    <body>Ok</body>
    <type>SMS</type>
    <direction>outgoing</direction>
  </message>
  <message>
    <id>97</id>
    <contact_name>Lisa Park</contact_name>
    <sender>Subject</sender>
    <recipient>+1-555-0004</recipient>
    <timestamp>2024-01-22T16:58:52</timestamp>
    <body>Not now</body>
    <type>SMS</type>
    <direction>outgoing</direction>
  </message>
  <message>
    <id>98</id>
    <contact_name>John Doe</contact_name>
    <sender>Subject</sender>
    <recipient>+1-555-0001</recipient>
    <timestamp>2024-01-22T08:36:23</timestamp>
    <body>Yes confirmed</body>
    <type>SMS</type>
    <direction>outgoing</direction>
  </message>
  <message>
    <id>99</id>
    <contact_name>Mike Torres</contact_name>
    <sender>+1-555-0003</sender>
    <recipient>Subject</recipient>
    <timestamp>2024-01-22T18:45:04</timestamp>
    <body>Not now</body>
    <type>SMS</type>
    <direction>incoming</direction>
  </message>
  <message>
    <id>100</id>
    <contact_name>John Doe</contact_name>
    <sender>Subject</sender>
    <recipient>+1-555-0001</recipient>
    <timestamp>2024-01-23T15:11:33</timestamp>
    <body>Tomorrow same time</body>
    <type>SMS</type>
    <direction>outgoing</direction>
  </message>
  <message>
    <id>101</id>
    <contact_name>Lisa Park</contact_name>
    <sender>Subject</sender>
    <recipient>+1-555-0004</recipient>
    <timestamp>2024-01-23T18:55:07</timestamp>
    <body>Call me</body>
    <type>SMS</type>
    <direction>outgoing</direction>
  </message>
  <message>
    <id>102</id>
    <contact_name>Unknown</contact_name>
    <sender>+1-555-9999</sender>
    <recipient>Subject</recipient>
    <timestamp>2024-01-23T01:55:34</timestamp>
    <body>Delete this after</body>
    <type>SMS</type>
    <direction>incoming</direction>
  </message>
  <message>
    <id>103</id>
    <contact_name>John Doe</contact_name>
    <sender>Subject</sender>
    <recipient>+1-555-0001</recipient>
    <timestamp>2024-01-23T09:30:49</timestamp>
    <body>Not now</body>
    <type>SMS</type>
    <direction>outgoing</direction>
  </message>
  <message>
    <id>104</id>
    <contact_name>Lisa Park</contact_name>
    <sender>Subject</sender>
    <recipient>+1-555-0004</recipient>
    <timestamp>2024-01-23T17:40:03</timestamp>
    <body>Delete this after</body>
    <type>SMS</type>
    <direction>outgoing</direction>
  </message>
  <message>
    <id>105</id>
    <contact_name>John Doe</contact_name>
    <sender>+1-555-0001</sender>
    <recipient>Subject</recipient>
    <timestamp>2024-01-23T17:48:05</timestamp>
    <body>Tomorrow same time</body>
    <type>SMS</type>
    <direction>incoming</direction>
  </message>
  <message>
    <id>106</id>
    <contact_name>John Doe</contact_name>
    <sender>+1-555-0001</sender>
    <recipient>Subject</recipient>
    <timestamp>2024-01-24T12:42:19</timestamp>
    <body>Yes confirmed</body>
    <type>SMS</type>
    <direction>incoming</direction>
  </message>
  <message>
    <id>107</id>
    <contact_name>John Doe</contact_name>
    <sender>+1-555-0001</sender>
    <recipient>Subject</recipient>
    <timestamp>2024-01-24T15:46:38</timestamp>
    <body>Delete this after</body>
    <type>SMS</type>
    <direction>incoming</direction>
  </message>
  <message>
    <id>108</id>
    <contact_name>John Doe</contact_name>
    <sender>Subject</sender>
    <recipient>+1-555-0001</recipient>
    <timestamp>2024-01-24T13:44:22</timestamp>
    <body>Yes confirmed</body>
    <type>SMS</type>
    <direction>outgoing</direction>
  </message>
  <message>
    <id>109</id>
    <contact_name>Unknown</contact_name>
    <sender>+1-555-9999</sender>
    <recipient>Subject</recipient>
    <timestamp>2024-01-24T03:08:25</timestamp>
    <body>Tomorrow same time</body>
    <type>SMS</type>
    <direction>incoming</direction>
  </message>
  <message>
    <id>110</id>
    <contact_name>John Doe</contact_name>
    <sender>Subject</sender>
    <recipient>+1-555-0001</recipient>
    <timestamp>2024-01-24T11:34:16</timestamp>
    <body>Yes confirmed</body>
    <type>SMS</type>
    <direction>outgoing</direction>
  </message>
  <message>
    <id>111</id>
    <contact_name>Unknown</contact_name>
    <sender>+1-555-9999</sender>
    <recipient>Subject</recipient>
    <timestamp>2024-01-24T08:26:13</timestamp>
    <body>Need to talk</body>
    <type>SMS</type>
    <direction>incoming</direction>
  </message>
  <message>
    <id>112</id>
    <contact_name>Mike Torres</contact_name>
    <sender>+1-555-0003</sender>
    <recipient>Subject</recipient>
    <timestamp>2024-01-24T14:56:21</timestamp>
    <body>Yes confirmed</body>
    <type>SMS</type>
    <direction>incoming</direction>
  </message>
  <message>
    <id>113</id>
    <contact_name>John Doe</contact_name>
    <sender>Subject</sender>
    <recipient>+1-555-0001</recipient>
    <timestamp>2024-01-24T11:21:10</timestamp>
    <body>Yes confirmed</body>
    <type>SMS</type>
    <direction>outgoing</direction>
  </message>
  <message>
    <id>114</id>
    <contact_name>John Doe</contact_name>
    <sender>+1-555-0001</sender>
    <recipient>Subject</recipient>
    <timestamp>2024-01-25T11:50:35</timestamp>
    <body>Call me</body>
    <type>SMS</type>
    <direction>incoming</direction>
  </message>
  <message>
    <id>115</id>
    <contact_name>Mike Torres</contact_name>
    <sender>Subject</sender>
    <recipient>+1-555-0003</recipient>
    <timestamp>2024-01-25T12:47:04</timestamp>
    <body>Yes confirmed</body>
    <type>SMS</type>
    <direction>outgoing</direction>
  </message>
  <message>
    <id>116</id>
    <contact_name>John Doe</contact_name>
    <sender>+1-555-0001</sender>
    <recipient>Subject</recipient>
    <timestamp>2024-01-25T14:56:33</timestamp>
    <body>Delete this after</body>
    <type>SMS</type>
    <direction>incoming</direction>
  </message>
  <message>
    <id>117</id>
    <contact_name>John Doe</contact_name>
    <sender>+1-555-0001</sender>
    <recipient>Subject</recipient>
    <timestamp>2024-01-26T09:09:00</timestamp>
    <body>Not now</body>
    <type>SMS</type>
    <direction>incoming</direction>
  </message>
  <message>
    <id>118</id>
    <contact_name>Unknown</contact_name>
    <sender>Subject</sender>
    <recipient>+1-555-9999</recipient>
    <timestamp>2024-01-26T11:19:49</timestamp>
    <body>Delete this after</body>
    <type>SMS</type>
    <direction>outgoing</direction>
  </message>
  <message>
    <id>119</id>
    <contact_name>John Doe</contact_name>
    <sender>+1-555-0001</sender>
    <recipient>Subject</recipient>
    <timestamp>2024-01-26T20:00:08</timestamp>
    <body>Ok</body>
    <type>SMS</type>
    <direction>incoming</direction>
  </message>
  <message>
    <id>120</id>
    <contact_name>Unknown</contact_name>
    <sender>+1-555-9999</sender>
    <recipient>Subject</recipient>
    <timestamp>2024-01-26T03:44:33</timestamp>
    <body>Tomorrow same time</body>
    <type>SMS</type>
    <direction>incoming</direction>
  </message>
  <message>
    <id>121</id>
    <contact_name>John Doe</contact_name>
    <sender>Subject</sender>
    <recipient>+1-555-0001</recipient>
    <timestamp>2024-01-27T13:51:20</timestamp>
    <body>Yes confirmed</body>
    <type>SMS</type>
    <direction>outgoing</direction>
  </message>
  <message>
    <id>122</id>
    <contact_name>John Doe</contact_name>
    <sender>Subject</sender>
    <recipient>+1-555-0001</recipient>
    <timestamp>2024-01-27T21:49:24</timestamp>
    <body>Tomorrow same time</body>
    <type>SMS</type>
    <direction>outgoing</direction>
  </message>
  <message>
    <id>123</id>
    <contact_name>Sarah Mitchell</contact_name>
    <sender>Subject</sender>
    <recipient>+1-555-0002</recipient>
    <timestamp>2024-01-27T18:25:12</timestamp>
    <body>Sure</body>
    <type>SMS</type>
    <direction>outgoing</direction>
  </message>
  <message>
    <id>124</id>
    <contact_name>John Doe</contact_name>
    <sender>Subject</sender>
    <recipient>+1-555-0001</recipient>
    <timestamp>2024-01-27T20:49:44</timestamp>
    <body>Got it</body>
    <type>SMS</type>
    <direction>outgoing</direction>
  </message>
  <message>
    <id>125</id>
    <contact_name>John Doe</contact_name>
    <sender>+1-555-0001</sender>
    <recipient>Subject</recipient>
    <timestamp>2024-01-27T12:32:03</timestamp>
    <body>Don't text me here</body>
    <type>SMS</type>
    <direction>incoming</direction>
  </message>
  <message>
    <id>126</id>
    <contact_name>Sarah Mitchell</contact_name>
    <sender>+1-555-0002</sender>
    <recipient>Subject</recipient>
    <timestamp>2024-01-27T11:42:05</timestamp>
    <body>On my way</body>
    <type>SMS</type>
    <direction>incoming</direction>
  </message>
  <message>
    <id>127</id>
    <contact_name>John Doe</contact_name>
    <sender>+1-555-0001</sender>
    <recipient>Subject</recipient>
    <timestamp>2024-01-27T17:40:24</timestamp>
    <body>Where are you?</body>
    <type>SMS</type>
    <direction>incoming</direction>
  </message>
  <message>
    <id>128</id>
    <contact_name>Sarah Mitchell</contact_name>
    <sender>Subject</sender>
    <recipient>+1-555-0002</recipient>
    <timestamp>2024-01-28T15:04:36</timestamp>
    <body>Don't text me here</body>
    <type>SMS</type>
    <direction>outgoing</direction>
  </message>
  <message>
    <id>129</id>
    <contact_name>Mike Torres</contact_name>
    <sender>+1-555-0003</sender>
    <recipient>Subject</recipient>
    <timestamp>2024-01-28T21:57:00</timestamp>
    <body>Ok</body>
    <type>SMS</type>
    <direction>incoming</direction>
  </message>
  <message>
    <id>130</id>
    <contact_name>Lisa Park</contact_name>
    <sender>Subject</sender>
    <recipient>+1-555-0004</recipient>
    <timestamp>2024-01-28T15:00:01</timestamp>
    <body>Delete this after</body>
    <type>SMS</type>
    <direction>outgoing</direction>
  </message>
  <message>
    <id>131</id>
    <contact_name>Sarah Mitchell</contact_name>
    <sender>Subject</sender>
    <recipient>+1-555-0002</recipient>
    <timestamp>2024-01-28T16:43:32</timestamp>
    <body>Not now</body>
    <type>SMS</type>
    <direction>outgoing</direction>
  </message>
  <message>
    <id>132</id>
    <contact_name>Sarah Mitchell</contact_name>
    <sender>Subject</sender>
    <recipient>+1-555-0002</recipient>
    <timestamp>2024-01-28T14:52:51</timestamp>
    <body>Call me</body>
    <type>SMS</type>
    <direction>outgoing</direction>
  </message>
  <message>
    <id>133</id>
    <contact_name>Unknown</contact_name>
    <sender>+1-555-9999</sender>
    <recipient>Subject</recipient>
    <timestamp>2024-01-28T18:42:59</timestamp>
    <body>Got it</body>
    <type>SMS</type>
    <direction>incoming</direction>
  </message>
  <message>
    <id>134</id>
    <contact_name>Lisa Park</contact_name>
    <sender>+1-555-0004</sender>
    <recipient>Subject</recipient>
    <timestamp>2024-01-29T09:52:35</timestamp>
    <body>Don't text me here</body>
    <type>SMS</type>
    <direction>incoming</direction>
  </message>
  <message>
    <id>135</id>
    <contact_name>John Doe</contact_name>
    <sender>+1-555-0001</sender>
    <recipient>Subject</recipient>
    <timestamp>2024-01-29T19:35:46</timestamp>
    <body>Need to talk</body>
    <type>SMS</type>
    <direction>incoming</direction>
  </message>
  <message>
    <id>136</id>
    <contact_name>Mike Torres</contact_name>
    <sender>Subject</sender>
    <recipient>+1-555-0003</recipient>
    <timestamp>2024-01-29T14:24:28</timestamp>
    <body>Don't text me here</body>
    <type>SMS</type>
    <direction>outgoing</direction>
  </message>
  <message>
    <id>137</id>
    <contact_name>John Doe</contact_name>
    <sender>Subject</sender>
    <recipient>+1-555-0001</recipient>
    <timestamp>2024-01-29T13:02:55</timestamp>
    <body>Don't text me here</body>
    <type>SMS</type>
    <direction>outgoing</direction>
  </message>
  <message>
    <id>138</id>
    <contact_name>Sarah Mitchell</contact_name>
    <sender>Subject</sender>
    <recipient>+1-555-0002</recipient>
    <timestamp>2024-01-29T14:58:22</timestamp>
    <body>Sure</body>
    <type>SMS</type>
    <direction>outgoing</direction>
  </message>
  <message>
    <id>139</id>
    <contact_name>Unknown</contact_name>
    <sender>Subject</sender>
    <recipient>+1-555-9999</recipient>
    <timestamp>2024-01-30T12:50:23</timestamp>
    <body>Where are you?</body>
    <type>SMS</type>
    <direction>outgoing</direction>
  </message>
  <message>
    <id>140</id>
    <contact_name>Sarah Mitchell</contact_name>
    <sender>+1-555-0002</sender>
    <recipient>Subject</recipient>
    <timestamp>2024-01-30T14:35:44</timestamp>
    <body>Call me</body>
    <type>SMS</type>
    <direction>incoming</direction>
  </message>
  <message>
    <id>141</id>
    <contact_name>John Doe</contact_name>
    <sender>+1-555-0001</sender>
    <recipient>Subject</recipient>
    <timestamp>2024-01-30T16:54:55</timestamp>
    <body>Call me</body>
    <type>SMS</type>
    <direction>incoming</direction>
  </message>
  <message>
    <id>142</id>
    <contact_name>Sarah Mitchell</contact_name>
    <sender>Subject</sender>
    <recipient>+1-555-0002</recipient>
    <timestamp>2024-01-30T19:54:55</timestamp>
    <body>Need to talk</body>
    <type>SMS</type>
    <direction>outgoing</direction>
  </message>
  <message>
    <id>143</id>
    <contact_name>John Doe</contact_name>
    <sender>Subject</sender>
    <recipient>+1-555-0001</recipient>
    <timestamp>2024-01-30T19:33:41</timestamp>
    <body>Got it</body>
    <type>SMS</type>
    <direction>outgoing</direction>
  </message>
  <message>
    <id>144</id>
    <contact_name>John Doe</contact_name>
    <sender>Subject</sender>
    <recipient>+1-555-0001</recipient>
    <timestamp>2024-01-30T09:42:28</timestamp>
    <body>Yes confirmed</body>
    <type>SMS</type>
    <direction>outgoing</direction>
  </message>
  <message>
    <id>145</id>
    <contact_name>Lisa Park</contact_name>
    <sender>+1-555-0004</sender>
    <recipient>Subject</recipient>
    <timestamp>2024-01-30T16:53:28</timestamp>
    <body>Need to talk</body>
    <type>SMS</type>
    <direction>incoming</direction>
  </message>
  <message>
    <id>146</id>
    <contact_name>Sarah Mitchell</contact_name>
    <sender>Subject</sender>
    <recipient>+1-555-0002</recipient>
    <timestamp>2024-01-31T08:13:34</timestamp>
    <body>Tomorrow same time</body>
    <type>SMS</type>
    <direction>outgoing</direction>
  </message>
  <message>
    <id>147</id>
    <contact_name>Mike Torres</contact_name>
    <sender>Subject</sender>
    <recipient>+1-555-0003</recipient>
    <timestamp>2024-01-31T10:50:18</timestamp>
    <body>Not now</body>
    <type>SMS</type>
    <direction>outgoing</direction>
  </message>
  <message>
    <id>148</id>
    <contact_name>Unknown</contact_name>
    <sender>Subject</sender>
    <recipient>+1-555-9999</recipient>
    <timestamp>2024-01-31T13:09:15</timestamp>
    <body>On my way</body>
    <type>SMS</type>
    <direction>outgoing</direction>
  </message>
  <message>
    <id>149</id>
    <contact_name>Unknown</contact_name>
    <sender>Subject</sender>
    <recipient>+1-555-9999</recipient>
    <timestamp>2024-01-31T10:53:30</timestamp>
    <body>On my way</body>
    <type>SMS</type>
    <direction>outgoing</direction>
  </message>
  <message>
    <id>150</id>
    <contact_name>Unknown</contact_name>
    <sender>+1-555-9999</sender>
    <recipient>Subject</recipient>
    <timestamp>2024-01-31T02:46:54</timestamp>
    <body>Where are you?</body>
    <type>SMS</type>
    <direction>incoming</direction>
  </message>
  <message>
    <id>151</id>
    <contact_name>Sarah Mitchell</contact_name>
    <sender>Subject</sender>
    <recipient>+1-555-0002</recipient>
    <timestamp>2024-01-31T14:15:02</timestamp>
    <body>Need to talk</body>
    <type>SMS</type>
    <direction>outgoing</direction>
  </message>
  <message>
    <id>152</id>
    <contact_name>Unknown</contact_name>
    <sender>Subject</sender>
    <recipient>+1-555-9999</recipient>
    <timestamp>2024-01-31T12:48:13</timestamp>
    <body>Don't text me here</body>
    <type>SMS</type>
    <direction>outgoing</direction>
  </message>
  <message>
    <id>153</id>
    <contact_name>John Doe</contact_name>
    <sender>Subject</sender>
    <recipient>+1-555-0001</recipient>
    <timestamp>2024-02-01T13:54:38</timestamp>
    <body>Need to talk</body>
    <type>SMS</type>
    <direction>outgoing</direction>
  </message>
  <message>
    <id>154</id>
    <contact_name>John Doe</contact_name>
    <sender>Subject</sender>
    <recipient>+1-555-0001</recipient>
    <timestamp>2024-02-01T19:46:08</timestamp>
    <body>Tomorrow same time</body>
    <type>SMS</type>
    <direction>outgoing</direction>
  </message>
  <message>
    <id>155</id>
    <contact_name>John Doe</contact_name>
    <sender>+1-555-0001</sender>
    <recipient>Subject</recipient>
    <timestamp>2024-02-01T15:06:15</timestamp>
    <body>On my way</body>
    <type>SMS</type>
    <direction>incoming</direction>
  </message>
  <message>
    <id>156</id>
    <contact_name>Unknown</contact_name>
    <sender>Subject</sender>
    <recipient>+1-555-9999</recipient>
    <timestamp>2024-02-01T18:19:38</timestamp>
    <body>On my way</body>
    <type>SMS</type>
    <direction>outgoing</direction>
  </message>
  <message>
    <id>157</id>
    <contact_name>Lisa Park</contact_name>
    <sender>+1-555-0004</sender>
    <recipient>Subject</recipient>
    <timestamp>2024-02-01T09:52:27</timestamp>
    <body>Not now</body>
    <type>SMS</type>
    <direction>incoming</direction>
  </message>
  <message>
    <id>158</id>
    <contact_name>Lisa Park</contact_name>
    <sender>+1-555-0004</sender>
    <recipient>Subject</recipient>
    <timestamp>2024-02-01T13:22:32</timestamp>
    <body>Where are you?</body>
    <type>SMS</type>
    <direction>incoming</direction>
  </message>
  <message>
    <id>159</id>
    <contact_name>John Doe</contact_name>
    <sender>Subject</sender>
    <recipient>+1-555-0001</recipient>
    <timestamp>2024-02-01T14:16:45</timestamp>
    <body>Sure</body>
    <type>SMS</type>
    <direction>outgoing</direction>
  </message>
  <message>
    <id>160</id>
    <contact_name>John Doe</contact_name>
    <sender>Subject</sender>
    <recipient>+1-555-0001</recipient>
    <timestamp>2024-02-01T11:30:12</timestamp>
    <body>Delete this after</body>
    <type>SMS</type>
    <direction>outgoing</direction>
  </message>
  <message>
    <id>161</id>
    <contact_name>John Doe</contact_name>
    <sender>Subject</sender>
    <recipient>+1-555-0001</recipient>
    <timestamp>2024-02-02T08:11:21</timestamp>
    <body>Need to talk</body>
    <type>SMS</type>
    <direction>outgoing</direction>
  </message>
  <message>
    <id>162</id>
    <contact_name>Unknown</contact_name>
    <sender>Subject</sender>
    <recipient>+1-555-9999</recipient>
    <timestamp>2024-02-02T00:32:31</timestamp>
    <body>Not now</body>
    <type>SMS</type>
    <direction>outgoing</direction>
  </message>
  <message>
    <id>163</id>
    <contact_name>John Doe</contact_name>
    <sender>Subject</sender>
    <recipient>+1-555-0001</recipient>
    <timestamp>2024-02-02T19:21:29</timestamp>
    <body>Not now</body>
    <type>SMS</type>
    <direction>outgoing</direction>
  </message>
  <message>
    <id>164</id>
    <contact_name>Sarah Mitchell</contact_name>
    <sender>+1-555-0002</sender>
    <recipient>Subject</recipient>
    <timestamp>2024-02-02T10:41:06</timestamp>
    <body>Where are you?</body>
    <type>SMS</type>
    <direction>incoming</direction>
  </message>
  <message>
    <id>165</id>
    <contact_name>Sarah Mitchell</contact_name>
    <sender>Subject</sender>
    <recipient>+1-555-0002</recipient>
    <timestamp>2024-02-02T19:23:45</timestamp>
    <body>Where are you?</body>
    <type>SMS</type>
    <direction>outgoing</direction>
  </message>
  <message>
    <id>166</id>
    <contact_name>John Doe</contact_name>
    <sender>Subject</sender>
    <recipient>+1-555-0001</recipient>
    <timestamp>2024-02-03T15:59:50</timestamp>
    <body>On my way</body>
    <type>SMS</type>
    <direction>outgoing</direction>
  </message>
  <message>
    <id>167</id>
    <contact_name>John Doe</contact_name>
    <sender>+1-555-0001</sender>
    <recipient>Subject</recipient>
    <timestamp>2024-02-03T19:56:18</timestamp>
    <body>Yes confirmed</body>
    <type>SMS</type>
    <direction>incoming</direction>
  </message>
  <message>
    <id>168</id>
    <contact_name>Lisa Park</contact_name>
    <sender>Subject</sender>
    <recipient>+1-555-0004</recipient>
    <timestamp>2024-02-03T13:35:53</timestamp>
    <body>Yes confirmed</body>
    <type>SMS</type>
    <direction>outgoing</direction>
  </message>
  <message>
    <id>169</id>
    <contact_name>Mike Torres</contact_name>
    <sender>Subject</sender>
    <recipient>+1-555-0003</recipient>
    <timestamp>2024-02-03T21:24:10</timestamp>
    <body>On my way</body>
    <type>SMS</type>
    <direction>outgoing</direction>
  </message>
  <message>
    <id>170</id>
    <contact_name>John Doe</contact_name>
    <sender>Subject</sender>
    <recipient>+1-555-0001</recipient>
    <timestamp>2024-02-03T14:52:54</timestamp>
    <body>Not now</body>
    <type>SMS</type>
    <direction>outgoing</direction>
  </message>
  <message>
    <id>171</id>
    <contact_name>Unknown</contact_name>
    <sender>+1-555-9999</sender>
    <recipient>Subject</recipient>
    <timestamp>2024-02-04T16:49:28</timestamp>
    <body>Ok</body>
    <type>SMS</type>
    <direction>incoming</direction>
  </message>
  <message>
    <id>172</id>
    <contact_name>Sarah Mitchell</contact_name>
    <sender>Subject</sender>
    <recipient>+1-555-0002</recipient>
    <timestamp>2024-02-04T08:19:52</timestamp>
    <body>Yes confirmed</body>
    <type>SMS</type>
    <direction>outgoing</direction>
  </message>
  <message>
    <id>173</id>
    <contact_name>Unknown</contact_name>
    <sender>Subject</sender>
    <recipient>+1-555-9999</recipient>
    <timestamp>2024-02-04T03:50:40</timestamp>
    <body>Tomorrow same time</body>
    <type>SMS</type>
    <direction>outgoing</direction>
  </message>
  <message>
    <id>174</id>
    <contact_name>Sarah Mitchell</contact_name>
    <sender>Subject</sender>
    <recipient>+1-555-0002</recipient>
    <timestamp>2024-02-04T13:24:53</timestamp>
    <body>Got it</body>
    <type>SMS</type>
    <direction>outgoing</direction>
  </message>
  <message>
    <id>175</id>
    <contact_name>John Doe</contact_name>
    <sender>Subject</sender>
    <recipient>+1-555-0001</recipient>
    <timestamp>2024-02-04T16:06:42</timestamp>
    <body>Got it</body>
    <type>SMS</type>
    <direction>outgoing</direction>
  </message>
  <message>
    <id>176</id>
    <contact_name>Lisa Park</contact_name>
    <sender>Subject</sender>
    <recipient>+1-555-0004</recipient>
    <timestamp>2024-02-04T08:41:59</timestamp>
    <body>Don't text me here</body>
    <type>SMS</type>
    <direction>outgoing</direction>
  </message>
  <message>
    <id>177</id>
    <contact_name>Unknown</contact_name>
    <sender>Subject</sender>
    <recipient>+1-555-9999</recipient>
    <timestamp>2024-02-04T01:22:07</timestamp>
    <body>Delete this after</body>
    <type>SMS</type>
    <direction>outgoing</direction>
  </message>
  <message>
    <id>178</id>
    <contact_name>Lisa Park</contact_name>
    <sender>Subject</sender>
    <recipient>+1-555-0004</recipient>
    <timestamp>2024-02-04T08:43:25</timestamp>
    <body>Got it</body>
    <type>SMS</type>
    <direction>outgoing</direction>
  </message>
  <message>
    <id>179</id>
    <contact_name>John Doe</contact_name>
    <sender>Subject</sender>
    <recipient>+1-555-0001</recipient>
    <timestamp>2024-02-04T09:35:16</timestamp>
    <body>Sure</body>
    <type>SMS</type>
    <direction>outgoing</direction>
  </message>
  <message>
    <id>180</id>
    <contact_name>Sarah Mitchell</contact_name>
    <sender>Subject</sender>
    <recipient>+1-555-0002</recipient>
    <timestamp>2024-02-05T10:25:15</timestamp>
    <body>Need to talk</body>
    <type>SMS</type>
    <direction>outgoing</direction>
  </message>
  <message>
    <id>181</id>
    <contact_name>John Doe</contact_name>
    <sender>Subject</sender>
    <recipient>+1-555-0001</recipient>
    <timestamp>2024-02-05T18:25:34</timestamp>
    <body>Call me</body>
    <type>SMS</type>
    <direction>outgoing</direction>
  </message>
  <message>
    <id>182</id>
    <contact_name>Sarah Mitchell</contact_name>
    <sender>+1-555-0002</sender>
    <recipient>Subject</recipient>
    <timestamp>2024-02-05T16:28:27</timestamp>
    <body>On my way</body>
    <type>SMS</type>
    <direction>incoming</direction>
  </message>
  <message>
    <id>183</id>
    <contact_name>Lisa Park</contact_name>
    <sender>+1-555-0004</sender>
    <recipient>Subject</recipient>
    <timestamp>2024-02-05T09:22:29</timestamp>
    <body>Delete this after</body>
    <type>SMS</type>
    <direction>incoming</direction>
  </message>
  <message>
    <id>184</id>
    <contact_name>Unknown</contact_name>
    <sender>Subject</sender>
    <recipient>+1-555-9999</recipient>
    <timestamp>2024-02-05T00:40:55</timestamp>
    <body>Where are you?</body>
    <type>SMS</type>
    <direction>outgoing</direction>
  </message>
  <message>
    <id>185</id>
    <contact_name>Sarah Mitchell</contact_name>
    <sender>Subject</sender>
    <recipient>+1-555-0002</recipient>
    <timestamp>2024-02-05T11:18:35</timestamp>
    <body>Tomorrow same time</body>
    <type>SMS</type>
    <direction>outgoing</direction>
  </message>
  <message>
    <id>186</id>
    <contact_name>John Doe</contact_name>
    <sender>Subject</sender>
    <recipient>+1-555-0001</recipient>
    <timestamp>2024-02-06T16:17:49</timestamp>
    <body>Got it</body>
    <type>SMS</type>
    <direction>outgoing</direction>
  </message>
  <message>
    <id>187</id>
    <contact_name>John Doe</contact_name>
    <sender>+1-555-0001</sender>
    <recipient>Subject</recipient>
    <timestamp>2024-02-06T21:39:50</timestamp>
    <body>Where are you?</body>
    <type>SMS</type>
    <direction>incoming</direction>
  </message>
  <message>
    <id>188</id>
    <contact_name>Unknown</contact_name>
    <sender>+1-555-9999</sender>
    <recipient>Subject</recipient>
    <timestamp>2024-02-06T00:40:31</timestamp>
    <body>Ok</body>
    <type>SMS</type>
    <direction>incoming</direction>
  </message>
  <message>
    <id>189</id>
    <contact_name>Mike Torres</contact_name>
    <sender>Subject</sender>
    <recipient>+1-555-0003</recipient>
    <timestamp>2024-02-06T11:35:02</timestamp>
    <body>Sure</body>
    <type>SMS</type>
    <direction>outgoing</direction>
  </message>
  <message>
    <id>190</id>
    <contact_name>Mike Torres</contact_name>
    <sender>+1-555-0003</sender>
    <recipient>Subject</recipient>
    <timestamp>2024-02-06T14:30:43</timestamp>
    <body>Got it</body>
    <type>SMS</type>
    <direction>incoming</direction>
  </message>
  <message>
    <id>191</id>
    <contact_name>Sarah Mitchell</contact_name>
    <sender>Subject</sender>
    <recipient>+1-555-0002</recipient>
    <timestamp>2024-02-06T10:46:21</timestamp>
    <body>Where are you?</body>
    <type>SMS</type>
    <direction>outgoing</direction>
  </message>
  <message>
    <id>192</id>
    <contact_name>Sarah Mitchell</contact_name>
    <sender>+1-555-0002</sender>
    <recipient>Subject</recipient>
    <timestamp>2024-02-07T21:29:55</timestamp>
    <body>On my way</body>
    <type>SMS</type>
    <direction>incoming</direction>
  </message>
  <message>
    <id>193</id>
    <contact_name>Mike Torres</contact_name>
    <sender>+1-555-0003</sender>
    <recipient>Subject</recipient>
    <timestamp>2024-02-07T21:01:23</timestamp>
    <body>On my way</body>
    <type>SMS</type>
    <direction>incoming</direction>
  </message>
  <message>
    <id>194</id>
    <contact_name>Mike Torres</contact_name>
    <sender>+1-555-0003</sender>
    <recipient>Subject</recipient>
    <timestamp>2024-02-07T20:02:55</timestamp>
    <body>Where are you?</body>
    <type>SMS</type>
    <direction>incoming</direction>
  </message>
  <message>
    <id>195</id>
    <contact_name>Sarah Mitchell</contact_name>
    <sender>+1-555-0002</sender>
    <recipient>Subject</recipient>
    <timestamp>2024-02-08T18:22:51</timestamp>
    <body>Not now</body>
    <type>SMS</type>
    <direction>incoming</direction>
  </message>
  <message>
    <id>196</id>
    <contact_name>Sarah Mitchell</contact_name>
    <sender>Subject</sender>
    <recipient>+1-555-0002</recipient>
    <timestamp>2024-02-08T13:38:57</timestamp>
    <body>Yes confirmed</body>
    <type>SMS</type>
    <direction>outgoing</direction>
  </message>
  <message>
    <id>197</id>
    <contact_name>Sarah Mitchell</contact_name>
    <sender>+1-555-0002</sender>
    <recipient>Subject</recipient>
    <timestamp>2024-02-08T15:41:31</timestamp>
    <body>Not now</body>
    <type>SMS</type>
    <direction>incoming</direction>
  </message>
  <message>
    <id>198</id>
    <contact_name>Mike Torres</contact_name>
    <sender>Subject</sender>
    <recipient>+1-555-0003</recipient>
    <timestamp>2024-02-08T20:07:11</timestamp>
    <body>Delete this after</body>
    <type>SMS</type>
    <direction>outgoing</direction>
  </message>
  <message>
    <id>199</id>
    <contact_name>Lisa Park</contact_name>
    <sender>+1-555-0004</sender>
    <recipient>Subject</recipient>
    <timestamp>2024-02-08T19:22:49</timestamp>
    <body>Not now</body>
    <type>SMS</type>
    <direction>incoming</direction>
  </message>
  <message>
    <id>200</id>
    <contact_name>Sarah Mitchell</contact_name>
    <sender>Subject</sender>
    <recipient>+1-555-0002</recipient>
    <timestamp>2024-02-09T17:00:06</timestamp>
    <body>Tomorrow same time</body>
    <type>SMS</type>
    <direction>outgoing</direction>
  </message>
  <message>
    <id>201</id>
    <contact_name>Mike Torres</contact_name>
    <sender>Subject</sender>
    <recipient>+1-555-0003</recipient>
    <timestamp>2024-02-09T16:30:12</timestamp>
    <body>Yes confirmed</body>
    <type>SMS</type>
    <direction>outgoing</direction>
  </message>
  <message>
    <id>202</id>
    <contact_name>Mike Torres</contact_name>
    <sender>+1-555-0003</sender>
    <recipient>Subject</recipient>
    <timestamp>2024-02-09T12:08:04</timestamp>
    <body>Got it</body>
    <type>SMS</type>
    <direction>incoming</direction>
  </message>
  <message>
    <id>203</id>
    <contact_name>Unknown</contact_name>
    <sender>+1-555-9999</sender>
    <recipient>Subject</recipient>
    <timestamp>2024-02-09T01:59:22</timestamp>
    <body>Where are you?</body>
    <type>SMS</type>
    <direction>incoming</direction>
  </message>
  <message>
    <id>204</id>
    <contact_name>Unknown</contact_name>
    <sender>Subject</sender>
    <recipient>+1-555-9999</recipient>
    <timestamp>2024-02-09T02:26:03</timestamp>
    <body>Call me</body>
    <type>SMS</type>
    <direction>outgoing</direction>
  </message>
  <message>
    <id>205</id>
    <contact_name>Lisa Park</contact_name>
    <sender>+1-555-0004</sender>
    <recipient>Subject</recipient>
    <timestamp>2024-02-09T17:02:06</timestamp>
    <body>On my way</body>
    <type>SMS</type>
    <direction>incoming</direction>
  </message>
  <message>
    <id>206</id>
    <contact_name>Unknown</contact_name>
    <sender>+1-555-9999</sender>
    <recipient>Subject</recipient>
    <timestamp>2024-02-10T11:15:42</timestamp>
    <body>Where are you?</body>
    <type>SMS</type>
    <direction>incoming</direction>
  </message>
  <message>
    <id>207</id>
    <contact_name>John Doe</contact_name>
    <sender>Subject</sender>
    <recipient>+1-555-0001</recipient>
    <timestamp>2024-02-10T20:47:00</timestamp>
    <body>Delete this after</body>
    <type>SMS</type>
    <direction>outgoing</direction>
  </message>
  <message>
    <id>208</id>
    <contact_name>Mike Torres</contact_name>
    <sender>+1-555-0003</sender>
    <recipient>Subject</recipient>
    <timestamp>2024-02-10T16:04:49</timestamp>
    <body>Yes confirmed</body>
    <type>SMS</type>
    <direction>incoming</direction>
  </message>
  <message>
    <id>209</id>
    <contact_name>Unknown</contact_name>
    <sender>+1-555-9999</sender>
    <recipient>Subject</recipient>
    <timestamp>2024-02-10T02:05:19</timestamp>
    <body>Not now</body>
    <type>SMS</type>
    <direction>incoming</direction>
  </message>
  <message>
    <id>210</id>
    <contact_name>Mike Torres</contact_name>
    <sender>Subject</sender>
    <recipient>+1-555-0003</recipient>
    <timestamp>2024-02-10T09:41:40</timestamp>
    <body>Where are you?</body>
    <type>SMS</type>
    <direction>outgoing</direction>
  </message>
  <message>
    <id>211</id>
    <contact_name>Lisa Park</contact_name>
    <sender>+1-555-0004</sender>
    <recipient>Subject</recipient>
    <timestamp>2024-02-10T10:58:55</timestamp>
    <body>Delete this after</body>
    <type>SMS</type>
    <direction>incoming</direction>
  </message>
  <message>
    <id>212</id>
    <contact_name>Sarah Mitchell</contact_name>
    <sender>+1-555-0002</sender>
    <recipient>Subject</recipient>
    <timestamp>2024-02-10T10:16:46</timestamp>
    <body>On my way</body>
    <type>SMS</type>
    <direction>incoming</direction>
  </message>
  <message>
    <id>213</id>
    <contact_name>John Doe</contact_name>
    <sender>Subject</sender>
    <recipient>+1-555-0001</recipient>
    <timestamp>2024-02-10T17:45:40</timestamp>
    <body>Need to talk</body>
    <type>SMS</type>
    <direction>outgoing</direction>
  </message>
  <message>
    <id>214</id>
    <contact_name>John Doe</contact_name>
    <sender>Subject</sender>
    <recipient>+1-555-0001</recipient>
    <timestamp>2024-02-10T08:53:15</timestamp>
    <body>Delete this after</body>
    <type>SMS</type>
    <direction>outgoing</direction>
  </message>
  <message>
    <id>215</id>
    <contact_name>Sarah Mitchell</contact_name>
    <sender>+1-555-0002</sender>
    <recipient>Subject</recipient>
    <timestamp>2024-02-11T20:22:22</timestamp>
    <body>Sure</body>
    <type>SMS</type>
    <direction>incoming</direction>
  </message>
  <message>
    <id>216</id>
    <contact_name>John Doe</contact_name>
    <sender>+1-555-0001</sender>
    <recipient>Subject</recipient>
    <timestamp>2024-02-11T13:13:56</timestamp>
    <body>Don't text me here</body>
    <type>SMS</type>
    <direction>incoming</direction>
  </message>
  <message>
    <id>217</id>
    <contact_name>Sarah Mitchell</contact_name>
    <sender>Subject</sender>
    <recipient>+1-555-0002</recipient>
    <timestamp>2024-02-11T20:38:54</timestamp>
    <body>Need to talk</body>
    <type>SMS</type>
    <direction>outgoing</direction>
  </message>
  <message>
    <id>218</id>
    <contact_name>Mike Torres</contact_name>
    <sender>Subject</sender>
    <recipient>+1-555-0003</recipient>
    <timestamp>2024-02-11T15:20:57</timestamp>
    <body>Tomorrow same time</body>
    <type>SMS</type>
    <direction>outgoing</direction>
  </message>
  <message>
    <id>219</id>
    <contact_name>Sarah Mitchell</contact_name>
    <sender>Subject</sender>
    <recipient>+1-555-0002</recipient>
    <timestamp>2024-02-11T19:39:27</timestamp>
    <body>Not now</body>
    <type>SMS</type>
    <direction>outgoing</direction>
  </message>
  <message>
    <id>220</id>
    <contact_name>John Doe</contact_name>
    <sender>+1-555-0001</sender>
    <recipient>Subject</recipient>
    <timestamp>2024-02-12T10:03:40</timestamp>
    <body>Not now</body>
    <type>SMS</type>
    <direction>incoming</direction>
  </message>
  <message>
    <id>221</id>
    <contact_name>Mike Torres</contact_name>
    <sender>Subject</sender>
    <recipient>+1-555-0003</recipient>
    <timestamp>2024-02-12T01:54:00</timestamp>
    <body>On my way</body>
    <type>SMS</type>
    <direction>outgoing</direction>
  </message>
  <message>
    <id>222</id>
    <contact_name>John Doe</contact_name>
    <sender>Subject</sender>
    <recipient>+1-555-0001</recipient>
    <timestamp>2024-02-12T14:53:38</timestamp>
    <body>Ok</body>
    <type>SMS</type>
    <direction>outgoing</direction>
  </message>
  <message>
    <id>223</id>
    <contact_name>John Doe</contact_name>
    <sender>Subject</sender>
    <recipient>+1-555-0001</recipient>
    <timestamp>2024-02-12T08:36:30</timestamp>
    <body>Got it</body>
    <type>SMS</type>
    <direction>outgoing</direction>
  </message>
  <message>
    <id>224</id>
    <contact_name>John Doe</contact_name>
    <sender>Subject</sender>
    <recipient>+1-555-0001</recipient>
    <timestamp>2024-02-12T13:37:09</timestamp>
    <body>Call me</body>
    <type>SMS</type>
    <direction>outgoing</direction>
  </message>
  <message>
    <id>225</id>
    <contact_name>Lisa Park</contact_name>
    <sender>Subject</sender>
    <recipient>+1-555-0004</recipient>
    <timestamp>2024-02-12T08:00:31</timestamp>
    <body>Call me</body>
    <type>SMS</type>
    <direction>outgoing</direction>
  </message>
  <message>
    <id>226</id>
    <contact_name>Lisa Park</contact_name>
    <sender>+1-555-0004</sender>
    <recipient>Subject</recipient>
    <timestamp>2024-02-12T15:59:22</timestamp>
    <body>Tomorrow same time</body>
    <type>SMS</type>
    <direction>incoming</direction>
  </message>
  <message>
    <id>227</id>
    <contact_name>Lisa Park</contact_name>
    <sender>+1-555-0004</sender>
    <recipient>Subject</recipient>
    <timestamp>2024-02-12T03:44:44</timestamp>
    <body>On my way</body>
    <type>SMS</type>
    <direction>incoming</direction>
  </message>
  <message>
    <id>228</id>
    <contact_name>John Doe</contact_name>
    <sender>+1-555-0001</sender>
    <recipient>Subject</recipient>
    <timestamp>2024-02-12T19:29:41</timestamp>
    <body>Not now</body>
    <type>SMS</type>
    <direction>incoming</direction>
  </message>
  <message>
    <id>229</id>
    <contact_name>Sarah Mitchell</contact_name>
    <sender>Subject</sender>
    <recipient>+1-555-0002</recipient>
    <timestamp>2024-02-12T02:40:32</timestamp>
    <body>Where are you?</body>
    <type>SMS</type>
    <direction>outgoing</direction>
  </message>
  <message>
    <id>230</id>
    <contact_name>John Doe</contact_name>
    <sender>+1-555-0001</sender>
    <recipient>Subject</recipient>
    <timestamp>2024-02-12T20:26:03</timestamp>
    <body>Ok</body>
    <type>SMS</type>
    <direction>incoming</direction>
  </message>
  <message>
    <id>231</id>
    <contact_name>Lisa Park</contact_name>
    <sender>Subject</sender>
    <recipient>+1-555-0004</recipient>
    <timestamp>2024-02-12T15:06:29</timestamp>
    <body>Delete this after</body>
    <type>SMS</type>
    <direction>outgoing</direction>
  </message>
  <message>
    <id>232</id>
    <contact_name>John Doe</contact_name>
    <sender>Subject</sender>
    <recipient>+1-555-0001</recipient>
    <timestamp>2024-02-12T03:25:52</timestamp>
    <body>On my way</body>
    <type>SMS</type>
    <direction>outgoing</direction>
  </message>
  <message>
    <id>233</id>
    <contact_name>Sarah Mitchell</contact_name>
    <sender>Subject</sender>
    <recipient>+1-555-0002</recipient>
    <timestamp>2024-02-12T04:22:25</timestamp>
    <body>Not now</body>
    <type>SMS</type>
    <direction>outgoing</direction>
  </message>
  <message>
    <id>234</id>
    <contact_name>Sarah Mitchell</contact_name>
    <sender>Subject</sender>
    <recipient>+1-555-0002</recipient>
    <timestamp>2024-02-12T03:35:13</timestamp>
    <body>Not now</body>
    <type>SMS</type>
    <direction>outgoing</direction>
  </message>
  <message>
    <id>235</id>
    <contact_name>John Doe</contact_name>
    <sender>Subject</sender>
    <recipient>+1-555-0001</recipient>
    <timestamp>2024-02-12T01:00:09</timestamp>
    <body>Call me</body>
    <type>SMS</type>
    <direction>outgoing</direction>
  </message>
  <message>
    <id>236</id>
    <contact_name>Lisa Park</contact_name>
    <sender>Subject</sender>
    <recipient>+1-555-0004</recipient>
    <timestamp>2024-02-12T15:09:43</timestamp>
    <body>Delete this after</body>
    <type>SMS</type>
    <direction>outgoing</direction>
  </message>
  <message>
    <id>237</id>
    <contact_name>John Doe</contact_name>
    <sender>+1-555-0001</sender>
    <recipient>Subject</recipient>
    <timestamp>2024-02-12T09:59:05</timestamp>
    <body>Ok</body>
    <type>SMS</type>
    <direction>incoming</direction>
  </message>
  <message>
    <id>238</id>
    <contact_name>John Doe</contact_name>
    <sender>+1-555-0001</sender>
    <recipient>Subject</recipient>
    <timestamp>2024-02-12T20:28:37</timestamp>
    <body>Delete this after</body>
    <type>SMS</type>
    <direction>incoming</direction>
  </message>
  <message>
    <id>239</id>
    <contact_name>Mike Torres</contact_name>
    <sender>Subject</sender>
    <recipient>+1-555-0003</recipient>
    <timestamp>2024-02-12T17:26:11</timestamp>
    <body>Ok</body>
    <type>SMS</type>
    <direction>outgoing</direction>
  </message>
  <message>
    <id>240</id>
    <contact_name>John Doe</contact_name>
    <sender>+1-555-0001</sender>
    <recipient>Subject</recipient>
    <timestamp>2024-02-12T01:16:30</timestamp>
    <body>Delete this after</body>
    <type>SMS</type>
    <direction>incoming</direction>
  </message>
  <message>
    <id>241</id>
    <contact_name>John Doe</contact_name>
    <sender>Subject</sender>
    <recipient>+1-555-0001</recipient>
    <timestamp>2024-02-12T03:50:13</timestamp>
    <body>Don't text me here</body>
    <type>SMS</type>
    <direction>outgoing</direction>
  </message>
  <message>
    <id>242</id>
    <contact_name>Mike Torres</contact_name>
    <sender>+1-555-0003</sender>
    <recipient>Subject</recipient>
    <timestamp>2024-02-12T13:27:19</timestamp>
    <body>Call me</body>
    <type>SMS</type>
    <direction>incoming</direction>
  </message>
  <message>
    <id>243</id>
    <contact_name>Unknown</contact_name>
    <sender>+1-555-9999</sender>
    <recipient>Subject</recipient>
    <timestamp>2024-02-12T03:20:10</timestamp>
    <body>Got it</body>
    <type>SMS</type>
    <direction>incoming</direction>
  </message>
  <message>
    <id>244</id>
    <contact_name>John Doe</contact_name>
    <sender>Subject</sender>
    <recipient>+1-555-0001</recipient>
    <timestamp>2024-02-12T16:58:42</timestamp>
    <body>Ok</body>
    <type>SMS</type>
    <direction>outgoing</direction>
  </message>
  <message>
    <id>245</id>
    <contact_name>John Doe</contact_name>
    <sender>+1-555-0001</sender>
    <recipient>Subject</recipient>
    <timestamp>2024-02-12T01:18:40</timestamp>
    <body>Ok</body>
    <type>SMS</type>
    <direction>incoming</direction>
  </message>
  <message>
    <id>246</id>
    <contact_name>John Doe</contact_name>
    <sender>+1-555-0001</sender>
    <recipient>Subject</recipient>
    <timestamp>2024-02-12T21:20:35</timestamp>
    <body>Delete this after</body>
    <type>SMS</type>
    <direction>incoming</direction>
  </message>
  <message>
    <id>247</id>
    <contact_name>Mike Torres</contact_name>
    <sender>Subject</sender>
    <recipient>+1-555-0003</recipient>
    <timestamp>2024-02-12T15:49:20</timestamp>
    <body>On my way</body>
    <type>SMS</type>
    <direction>outgoing</direction>
  </message>
  <message>
    <id>248</id>
    <contact_name>John Doe</contact_name>
    <sender>+1-555-0001</sender>
    <recipient>Subject</recipient>
    <timestamp>2024-02-12T15:48:15</timestamp>
    <body>Ok</body>
    <type>SMS</type>
    <direction>incoming</direction>
  </message>
  <message>
    <id>249</id>
    <contact_name>John Doe</contact_name>
    <sender>Subject</sender>
    <recipient>+1-555-0001</recipient>
    <timestamp>2024-02-12T12:37:43</timestamp>
    <body>Yes confirmed</body>
    <type>SMS</type>
    <direction>outgoing</direction>
  </message>
  <message>
    <id>250</id>
    <contact_name>John Doe</contact_name>
    <sender>Subject</sender>
    <recipient>+1-555-0001</recipient>
    <timestamp>2024-02-12T09:32:18</timestamp>
    <body>Sure</body>
    <type>SMS</type>
    <direction>outgoing</direction>
  </message>
  <message>
    <id>251</id>
    <contact_name>John Doe</contact_name>
    <sender>+1-555-0001</sender>
    <recipient>Subject</recipient>
    <timestamp>2024-02-12T11:30:44</timestamp>
    <body>On my way</body>
    <type>SMS</type>
    <direction>incoming</direction>
  </message>
  <message>
    <id>252</id>
    <contact_name>Lisa Park</contact_name>
    <sender>+1-555-0004</sender>
    <recipient>Subject</recipient>
    <timestamp>2024-02-12T00:11:12</timestamp>
    <body>Where are you?</body>
    <type>SMS</type>
    <direction>incoming</direction>
  </message>
  <message>
    <id>253</id>
    <contact_name>John Doe</contact_name>
    <sender>Subject</sender>
    <recipient>+1-555-0001</recipient>
    <timestamp>2024-02-12T10:35:33</timestamp>
    <body>Got it</body>
    <type>SMS</type>
    <direction>outgoing</direction>
  </message>
  <message>
    <id>254</id>
    <contact_name>Sarah Mitchell</contact_name>
    <sender>Subject</sender>
    <recipient>+1-555-0002</recipient>
    <timestamp>2024-02-12T04:51:06</timestamp>
    <body>On my way</body>
    <type>SMS</type>
    <direction>outgoing</direction>
  </message>
  <message>
    <id>255</id>
    <contact_name>Lisa Park</contact_name>
    <sender>+1-555-0004</sender>
    <recipient>Subject</recipient>
    <timestamp>2024-02-12T10:18:36</timestamp>
    <body>Don't text me here</body>
    <type>SMS</type>
    <direction>incoming</direction>
  </message>
  <message>
    <id>256</id>
    <contact_name>Mike Torres</contact_name>
    <sender>+1-555-0003</sender>
    <recipient>Subject</recipient>
    <timestamp>2024-02-12T04:37:31</timestamp>
    <body>On my way</body>
    <type>SMS</type>
    <direction>incoming</direction>
  </message>
  <message>
    <id>257</id>
    <contact_name>John Doe</contact_name>
    <sender>Subject</sender>
    <recipient>+1-555-0001</recipient>
    <timestamp>2024-02-12T03:24:47</timestamp>
    <body>Need to talk</body>
    <type>SMS</type>
    <direction>outgoing</direction>
  </message>
  <message>
    <id>258</id>
    <contact_name>Sarah Mitchell</contact_name>
    <sender>+1-555-0002</sender>
    <recipient>Subject</recipient>
    <timestamp>2024-02-12T13:08:24</timestamp>
    <body>Call me</body>
    <type>SMS</type>
    <direction>incoming</direction>
  </message>
  <message>
    <id>259</id>
    <contact_name>Mike Torres</contact_name>
    <sender>Subject</sender>
    <recipient>+1-555-0003</recipient>
    <timestamp>2024-02-12T17:24:08</timestamp>
    <body>Ok</body>
    <type>SMS</type>
    <direction>outgoing</direction>
  </message>
  <message>
    <id>260</id>
    <contact_name>Sarah Mitchell</contact_name>
    <sender>+1-555-0002</sender>
    <recipient>Subject</recipient>
    <timestamp>2024-02-12T11:20:02</timestamp>
    <body>Don't text me here</body>
    <type>SMS</type>
    <direction>incoming</direction>
  </message>
  <message>
    <id>261</id>
    <contact_name>Sarah Mitchell</contact_name>
    <sender>+1-555-0002</sender>
    <recipient>Subject</recipient>
    <timestamp>2024-02-12T00:10:42</timestamp>
    <body>Call me</body>
    <type>SMS</type>
    <direction>incoming</direction>
  </message>
  <message>
    <id>262</id>
    <contact_name>John Doe</contact_name>
    <sender>Subject</sender>
    <recipient>+1-555-0001</recipient>
    <timestamp>2024-02-12T11:24:23</timestamp>
    <body>Sure</body>
    <type>SMS</type>
    <direction>outgoing</direction>
  </message>
  <message>
    <id>263</id>
    <contact_name>John Doe</contact_name>
    <sender>+1-555-0001</sender>
    <recipient>Subject</recipient>
    <timestamp>2024-02-12T09:52:06</timestamp>
    <body>Don't text me here</body>
    <type>SMS</type>
    <direction>incoming</direction>
  </message>
  <message>
    <id>264</id>
    <contact_name>Mike Torres</contact_name>
    <sender>Subject</sender>
    <recipient>+1-555-0003</recipient>
    <timestamp>2024-02-12T13:20:38</timestamp>
    <body>Don't text me here</body>
    <type>SMS</type>
    <direction>outgoing</direction>
  </message>
  <message>
    <id>265</id>
    <contact_name>Lisa Park</contact_name>
    <sender>Subject</sender>
    <recipient>+1-555-0004</recipient>
    <timestamp>2024-02-12T11:48:53</timestamp>
    <body>Tomorrow same time</body>
    <type>SMS</type>
    <direction>outgoing</direction>
  </message>
  <message>
    <id>266</id>
    <contact_name>Lisa Park</contact_name>
    <sender>Subject</sender>
    <recipient>+1-555-0004</recipient>
    <timestamp>2024-02-12T04:32:51</timestamp>
    <body>On my way</body>
    <type>SMS</type>
    <direction>outgoing</direction>
  </message>
  <message>
    <id>267</id>
    <contact_name>Sarah Mitchell</contact_name>
    <sender>Subject</sender>
    <recipient>+1-555-0002</recipient>
    <timestamp>2024-02-12T04:29:50</timestamp>
    <body>Got it</body>
    <type>SMS</type>
    <direction>outgoing</direction>
  </message>
  <message>
    <id>268</id>
    <contact_name>John Doe</contact_name>
    <sender>+1-555-0001</sender>
    <recipient>Subject</recipient>
    <timestamp>2024-02-12T02:43:16</timestamp>
    <body>On my way</body>
    <type>SMS</type>
    <direction>incoming</direction>
  </message>
  <message>
    <id>269</id>
    <contact_name>John Doe</contact_name>
    <sender>Subject</sender>
    <recipient>+1-555-0001</recipient>
    <timestamp>2024-02-12T09:52:00</timestamp>
    <body>On my way</body>
    <type>SMS</type>
    <direction>outgoing</direction>
  </message>
  <message>
    <id>270</id>
    <contact_name>Mike Torres</contact_name>
    <sender>Subject</sender>
    <recipient>+1-555-0003</recipient>
    <timestamp>2024-02-12T13:34:32</timestamp>
    <body>Delete this after</body>
    <type>SMS</type>
    <direction>outgoing</direction>
  </message>
  <message>
    <id>271</id>
    <contact_name>Mike Torres</contact_name>
    <sender>+1-555-0003</sender>
    <recipient>Subject</recipient>
    <timestamp>2024-02-12T20:53:41</timestamp>
    <body>On my way</body>
    <type>SMS</type>
    <direction>incoming</direction>
  </message>
  <message>
    <id>272</id>
    <contact_name>Unknown</contact_name>
    <sender>+1-555-9999</sender>
    <recipient>Subject</recipient>
    <timestamp>2024-02-12T13:16:36</timestamp>
    <body>Don't text me here</body>
    <type>SMS</type>
    <direction>incoming</direction>
  </message>
  <message>
    <id>273</id>
    <contact_name>John Doe</contact_name>
    <sender>+1-555-0001</sender>
    <recipient>Subject</recipient>
    <timestamp>2024-02-12T12:51:30</timestamp>
    <body>Delete this after</body>
    <type>SMS</type>
    <direction>incoming</direction>
  </message>
  <message>
    <id>274</id>
    <contact_name>Sarah Mitchell</contact_name>
    <sender>Subject</sender>
    <recipient>+1-555-0002</recipient>
    <timestamp>2024-02-12T21:48:31</timestamp>
    <body>On my way</body>
    <type>SMS</type>
    <direction>outgoing</direction>
  </message>
  <message>
    <id>275</id>
    <contact_name>John Doe</contact_name>
    <sender>Subject</sender>
    <recipient>+1-555-0001</recipient>
    <timestamp>2024-02-12T13:12:14</timestamp>
    <body>Need to talk</body>
    <type>SMS</type>
    <direction>outgoing</direction>
  </message>
  <message>
    <id>276</id>
    <contact_name>John Doe</contact_name>
    <sender>+1-555-0001</sender>
    <recipient>Subject</recipient>
    <timestamp>2024-02-12T21:05:12</timestamp>
    <body>Ok</body>
    <type>SMS</type>
    <direction>incoming</direction>
  </message>
  <message>
    <id>277</id>
    <contact_name>Unknown</contact_name>
    <sender>+1-555-9999</sender>
    <recipient>Subject</recipient>
    <timestamp>2024-02-12T04:50:57</timestamp>
    <body>Where are you?</body>
    <type>SMS</type>
    <direction>incoming</direction>
  </message>
  <message>
    <id>278</id>
    <contact_name>Sarah Mitchell</contact_name>
    <sender>+1-555-0002</sender>
    <recipient>Subject</recipient>
    <timestamp>2024-02-12T01:35:16</timestamp>
    <body>On my way</body>
    <type>SMS</type>
    <direction>incoming</direction>
  </message>
  <message>
    <id>279</id>
    <contact_name>Unknown</contact_name>
    <sender>+1-555-9999</sender>
    <recipient>Subject</recipient>
    <timestamp>2024-02-12T03:50:03</timestamp>
    <body>Yes confirmed</body>
    <type>SMS</type>
    <direction>incoming</direction>
  </message>
  <message>
    <id>280</id>
    <contact_name>Sarah Mitchell</contact_name>
    <sender>+1-555-0002</sender>
    <recipient>Subject</recipient>
    <timestamp>2024-02-13T15:39:52</timestamp>
    <body>Sure</body>
    <type>SMS</type>
    <direction>incoming</direction>
  </message>
  <message>
    <id>281</id>
    <contact_name>Mike Torres</contact_name>
    <sender>Subject</sender>
    <recipient>+1-555-0003</recipient>
    <timestamp>2024-02-13T09:17:02</timestamp>
    <body>Where are you?</body>
    <type>SMS</type>
    <direction>outgoing</direction>
  </message>
  <message>
    <id>282</id>
    <contact_name>Unknown</contact_name>
    <sender>+1-555-9999</sender>
    <recipient>Subject</recipient>
    <timestamp>2024-02-13T02:10:24</timestamp>
    <body>Yes confirmed</body>
    <type>SMS</type>
    <direction>incoming</direction>
  </message>
  <message>
    <id>283</id>
    <contact_name>John Doe</contact_name>
    <sender>Subject</sender>
    <recipient>+1-555-0001</recipient>
    <timestamp>2024-02-13T14:15:06</timestamp>
    <body>Not now</body>
    <type>SMS</type>
    <direction>outgoing</direction>
  </message>
  <message>
    <id>284</id>
    <contact_name>Lisa Park</contact_name>
    <sender>+1-555-0004</sender>
    <recipient>Subject</recipient>
    <timestamp>2024-02-13T12:45:27</timestamp>
    <body>Call me</body>
    <type>SMS</type>
    <direction>incoming</direction>
  </message>
  <message>
    <id>285</id>
    <contact_name>John Doe</contact_name>
    <sender>Subject</sender>
    <recipient>+1-555-0001</recipient>
    <timestamp>2024-02-13T11:27:48</timestamp>
    <body>Tomorrow same time</body>
    <type>SMS</type>
    <direction>outgoing</direction>
  </message>
  <message>
    <id>286</id>
    <contact_name>John Doe</contact_name>
    <sender>+1-555-0001</sender>
    <recipient>Subject</recipient>
    <timestamp>2024-02-14T11:14:38</timestamp>
    <body>Delete this after</body>
    <type>SMS</type>
    <direction>incoming</direction>
  </message>
  <message>
    <id>287</id>
    <contact_name>Lisa Park</contact_name>
    <sender>Subject</sender>
    <recipient>+1-555-0004</recipient>
    <timestamp>2024-02-14T16:57:58</timestamp>
    <body>Sure</body>
    <type>SMS</type>
    <direction>outgoing</direction>
  </message>
  <message>
    <id>288</id>
    <contact_name>John Doe</contact_name>
    <sender>Subject</sender>
    <recipient>+1-555-0001</recipient>
    <timestamp>2024-02-14T21:58:51</timestamp>
    <body>Ok</body>
    <type>SMS</type>
    <direction>outgoing</direction>
  </message>
  <message>
    <id>289</id>
    <contact_name>Sarah Mitchell</contact_name>
    <sender>+1-555-0002</sender>
    <recipient>Subject</recipient>
    <timestamp>2024-02-15T20:42:17</timestamp>
    <body>Need to talk</body>
    <type>SMS</type>
    <direction>incoming</direction>
  </message>
  <message>
    <id>290</id>
    <contact_name>Mike Torres</contact_name>
    <sender>+1-555-0003</sender>
    <recipient>Subject</recipient>
    <timestamp>2024-02-15T21:23:57</timestamp>
    <body>Call me</body>
    <type>SMS</type>
    <direction>incoming</direction>
  </message>
  <message>
    <id>291</id>
    <contact_name>John Doe</contact_name>
    <sender>Subject</sender>
    <recipient>+1-555-0001</recipient>
    <timestamp>2024-02-15T19:23:45</timestamp>
    <body>Yes confirmed</body>
    <type>SMS</type>
    <direction>outgoing</direction>
  </message>
  <message>
    <id>292</id>
    <contact_name>Sarah Mitchell</contact_name>
    <sender>+1-555-0002</sender>
    <recipient>Subject</recipient>
    <timestamp>2024-02-15T20:10:10</timestamp>
    <body>Call me</body>
    <type>SMS</type>
    <direction>incoming</direction>
  </message>
  <message>
    <id>293</id>
    <contact_name>Mike Torres</contact_name>
    <sender>Subject</sender>
    <recipient>+1-555-0003</recipient>
    <timestamp>2024-02-15T14:34:34</timestamp>
    <body>Need to talk</body>
    <type>SMS</type>
    <direction>outgoing</direction>
  </message>
  <message>
    <id>294</id>
    <contact_name>Lisa Park</contact_name>
    <sender>Subject</sender>
    <recipient>+1-555-0004</recipient>
    <timestamp>2024-02-15T13:09:28</timestamp>
    <body>Where are you?</body>
    <type>SMS</type>
    <direction>outgoing</direction>
  </message>
  <message>
    <id>295</id>
    <contact_name>John Doe</contact_name>
    <sender>+1-555-0001</sender>
    <recipient>Subject</recipient>
    <timestamp>2024-02-15T19:38:11</timestamp>
    <body>Need to talk</body>
    <type>SMS</type>
    <direction>incoming</direction>
  </message>
  <message>
    <id>296</id>
    <contact_name>Unknown</contact_name>
    <sender>+1-555-9999</sender>
    <recipient>Subject</recipient>
    <timestamp>2024-02-15T03:05:54</timestamp>
    <body>Call me</body>
    <type>SMS</type>
    <direction>incoming</direction>
  </message>
  <message>
    <id>297</id>
    <contact_name>Sarah Mitchell</contact_name>
    <sender>Subject</sender>
    <recipient>+1-555-0002</recipient>
    <timestamp>2024-02-15T21:03:12</timestamp>
    <body>Delete this after</body>
    <type>SMS</type>
    <direction>outgoing</direction>
  </message>
  <message>
    <id>298</id>
    <contact_name>John Doe</contact_name>
    <sender>+1-555-0001</sender>
    <recipient>Subject</recipient>
    <timestamp>2024-02-16T14:04:39</timestamp>
    <body>Not now</body>
    <type>SMS</type>
    <direction>incoming</direction>
  </message>
  <message>
    <id>299</id>
    <contact_name>Mike Torres</contact_name>
    <sender>+1-555-0003</sender>
    <recipient>Subject</recipient>
    <timestamp>2024-02-16T09:54:55</timestamp>
    <body>Sure</body>
    <type>SMS</type>
    <direction>incoming</direction>
  </message>
  <message>
    <id>300</id>
    <contact_name>Lisa Park</contact_name>
    <sender>Subject</sender>
    <recipient>+1-555-0004</recipient>
    <timestamp>2024-02-16T17:33:30</timestamp>
    <body>Need to talk</body>
    <type>SMS</type>
    <direction>outgoing</direction>
  </message>
  <message>
    <id>301</id>
    <contact_name>John Doe</contact_name>
    <sender>+1-555-0001</sender>
    <recipient>Subject</recipient>
    <timestamp>2024-02-16T11:56:46</timestamp>
    <body>Call me</body>
    <type>SMS</type>
    <direction>incoming</direction>
  </message>
  <message>
    <id>302</id>
    <contact_name>Lisa Park</contact_name>
    <sender>Subject</sender>
    <recipient>+1-555-0004</recipient>
    <timestamp>2024-02-16T12:08:22</timestamp>
    <body>Call me</body>
    <type>SMS</type>
    <direction>outgoing</direction>
  </message>
  <message>
    <id>303</id>
    <contact_name>Sarah Mitchell</contact_name>
    <sender>Subject</sender>
    <recipient>+1-555-0002</recipient>
    <timestamp>2024-02-16T19:51:48</timestamp>
    <body>Delete this after</body>
    <type>SMS</type>
    <direction>outgoing</direction>
  </message>
  <message>
    <id>304</id>
    <contact_name>John Doe</contact_name>
    <sender>+1-555-0001</sender>
    <recipient>Subject</recipient>
    <timestamp>2024-02-16T10:36:28</timestamp>
    <body>Need to talk</body>
    <type>SMS</type>
    <direction>incoming</direction>
  </message>
  <message>
    <id>305</id>
    <contact_name>John Doe</contact_name>
    <sender>+1-555-0001</sender>
    <recipient>Subject</recipient>
    <timestamp>2024-02-16T18:26:16</timestamp>
    <body>Got it</body>
    <type>SMS</type>
    <direction>incoming</direction>
  </message>
  <message>
    <id>306</id>
    <contact_name>John Doe</contact_name>
    <sender>+1-555-0001</sender>
    <recipient>Subject</recipient>
    <timestamp>2024-02-16T19:53:40</timestamp>
    <body>Need to talk</body>
    <type>SMS</type>
    <direction>incoming</direction>
  </message>
  <message>
    <id>307</id>
    <contact_name>John Doe</contact_name>
    <sender>+1-555-0001</sender>
    <recipient>Subject</recipient>
    <timestamp>2024-02-17T17:03:26</timestamp>
    <body>Not now</body>
    <type>SMS</type>
    <direction>incoming</direction>
  </message>
  <message>
    <id>308</id>
    <contact_name>Lisa Park</contact_name>
    <sender>Subject</sender>
    <recipient>+1-555-0004</recipient>
    <timestamp>2024-02-17T19:48:46</timestamp>
    <body>Ok</body>
    <type>SMS</type>
    <direction>outgoing</direction>
  </message>
  <message>
    <id>309</id>
    <contact_name>Sarah Mitchell</contact_name>
    <sender>Subject</sender>
    <recipient>+1-555-0002</recipient>
    <timestamp>2024-02-17T11:15:50</timestamp>
    <body>Yes confirmed</body>
    <type>SMS</type>
    <direction>outgoing</direction>
  </message>
  <message>
    <id>310</id>
    <contact_name>Sarah Mitchell</contact_name>
    <sender>+1-555-0002</sender>
    <recipient>Subject</recipient>
    <timestamp>2024-02-17T13:05:04</timestamp>
    <body>Not now</body>
    <type>SMS</type>
    <direction>incoming</direction>
  </message>
  <message>
    <id>311</id>
    <contact_name>Lisa Park</contact_name>
    <sender>+1-555-0004</sender>
    <recipient>Subject</recipient>
    <timestamp>2024-02-18T10:37:44</timestamp>
    <body>On my way</body>
    <type>SMS</type>
    <direction>incoming</direction>
  </message>
  <message>
    <id>312</id>
    <contact_name>John Doe</contact_name>
    <sender>Subject</sender>
    <recipient>+1-555-0001</recipient>
    <timestamp>2024-02-18T08:52:59</timestamp>
    <body>On my way</body>
    <type>SMS</type>
    <direction>outgoing</direction>
  </message>
  <message>
    <id>313</id>
    <contact_name>Sarah Mitchell</contact_name>
    <sender>Subject</sender>
    <recipient>+1-555-0002</recipient>
    <timestamp>2024-02-18T12:26:03</timestamp>
    <body>Delete this after</body>
    <type>SMS</type>
    <direction>outgoing</direction>
  </message>
  <message>
    <id>314</id>
    <contact_name>Lisa Park</contact_name>
    <sender>+1-555-0004</sender>
    <recipient>Subject</recipient>
    <timestamp>2024-02-18T14:22:15</timestamp>
    <body>Delete this after</body>
    <type>SMS</type>
    <direction>incoming</direction>
  </message>
  <message>
    <id>315</id>
    <contact_name>John Doe</contact_name>
    <sender>Subject</sender>
    <recipient>+1-555-0001</recipient>
    <timestamp>2024-02-18T21:56:22</timestamp>
    <body>Call me</body>
    <type>SMS</type>
    <direction>outgoing</direction>
  </message>
  <message>
    <id>316</id>
    <contact_name>Sarah Mitchell</contact_name>
    <sender>Subject</sender>
    <recipient>+1-555-0002</recipient>
    <timestamp>2024-02-18T18:12:00</timestamp>
    <body>Delete this after</body>
    <type>SMS</type>
    <direction>outgoing</direction>
  </message>
  <message>
    <id>317</id>
    <contact_name>Mike Torres</contact_name>
    <sender>Subject</sender>
    <recipient>+1-555-0003</recipient>
    <timestamp>2024-02-18T10:29:49</timestamp>
    <body>Ok</body>
    <type>SMS</type>
    <direction>outgoing</direction>
  </message>
  <message>
    <id>318</id>
    <contact_name>Lisa Park</contact_name>
    <sender>+1-555-0004</sender>
    <recipient>Subject</recipient>
    <timestamp>2024-02-19T15:59:43</timestamp>
    <body>Ok</body>
    <type>SMS</type>
    <direction>incoming</direction>
  </message>
  <message>
    <id>319</id>
    <contact_name>John Doe</contact_name>
    <sender>+1-555-0001</sender>
    <recipient>Subject</recipient>
    <timestamp>2024-02-19T09:56:47</timestamp>
    <body>Ok</body>
    <type>SMS</type>
    <direction>incoming</direction>
  </message>
  <message>
    <id>320</id>
    <contact_name>Mike Torres</contact_name>
    <sender>+1-555-0003</sender>
    <recipient>Subject</recipient>
    <timestamp>2024-02-19T14:41:04</timestamp>
    <body>Call me</body>
    <type>SMS</type>
    <direction>incoming</direction>
  </message>
  <message>
    <id>321</id>
    <contact_name>Sarah Mitchell</contact_name>
    <sender>Subject</sender>
    <recipient>+1-555-0002</recipient>
    <timestamp>2024-02-19T13:55:49</timestamp>
    <body>Delete this after</body>
    <type>SMS</type>
    <direction>outgoing</direction>
  </message>
  <message>
    <id>322</id>
    <contact_name>Unknown</contact_name>
    <sender>Subject</sender>
    <recipient>+1-555-9999</recipient>
    <timestamp>2024-02-20T11:05:37</timestamp>
    <body>Where are you?</body>
    <type>SMS</type>
    <direction>outgoing</direction>
  </message>
  <message>
    <id>323</id>
    <contact_name>Lisa Park</contact_name>
    <sender>+1-555-0004</sender>
    <recipient>Subject</recipient>
    <timestamp>2024-02-20T12:29:26</timestamp>
    <body>Call me</body>
    <type>SMS</type>
    <direction>incoming</direction>
  </message>
  <message>
    <id>324</id>
    <contact_name>Unknown</contact_name>
    <sender>+1-555-9999</sender>
    <recipient>Subject</recipient>
    <timestamp>2024-02-20T09:21:29</timestamp>
    <body>On my way</body>
    <type>SMS</type>
    <direction>incoming</direction>
  </message>
  <message>
    <id>325</id>
    <contact_name>Sarah Mitchell</contact_name>
    <sender>+1-555-0002</sender>
    <recipient>Subject</recipient>
    <timestamp>2024-02-20T08:14:11</timestamp>
    <body>Got it</body>
    <type>SMS</type>
    <direction>incoming</direction>
  </message>
</messages>